filename,batch,status,rejection_reason,source_url,foreign_landing_url,source_site,title,creator,license,license_version,openverse_id,acceptance_reason
,1,rejected,blocklist:pillow,https://live.staticflickr.com/3724/12743192253_33df6a1923.jpg,https://www.flickr.com/photos/117536645@N05/12743192253,flickr,white bedding,yesonly,by-sa,2.0,0bffddc0-cdcd-47e0-9da9-28bc6291a5ed,
b1_0001_pimpernel-9-365.jpg,1,accepted,,https://live.staticflickr.com/4605/24728356677_afdc01bb4f_b.jpg,https://www.flickr.com/photos/15181848@N02/24728356677,flickr,Pimpernel: 9/365,amandabhslater,by-sa,2.0,8d9e37b4-920e-4e31-bcd3-5a7fa9814c34,
b1_0002_duvet-cover-detail.jpg,1,accepted,,https://live.staticflickr.com/4105/4965024464_6a9404f32b_b.jpg,https://www.flickr.com/photos/89219225@N00/4965024464,flickr,Duvet Cover Detail,hayzeleyes,by,2.0,97ce1eb6-d94e-46bc-aa6a-0c67759a3c74,
,1,rejected,no-positive-keyword-match,https://mm.dimu.org/image/032yi14fL73p?dimension=1200x1200,https://digitaltmuseum.se/021026704125,europeana,Prov,,by,4.0,4355a508-45b2-49f8-a1f2-98ecd14d58ac,
,1,rejected,no-positive-keyword-match,https://upload.wikimedia.org/wikipedia/commons/e/ec/Pimpernel_9_365_%2824728356677%29.jpg,https://commons.wikimedia.org/w/index.php?curid=89384644,wikimedia,Pimpernel 9 365 (24728356677),"Amanda Slater from Coventry, West Midlands, UK",by-sa,2.0,79e89830-72c5-4c1c-8568-43ba8f92ceae,
,1,rejected,blocklist:bedroom,https://live.staticflickr.com/3818/9234152941_db0d8f768a_b.jpg,https://www.flickr.com/photos/60849758@N05/9234152941,flickr,Target Duvet in Bedroom,emily @ go haus go,by,2.0,9006f301-48df-4334-b226-b3ac2f1357f1,
,1,rejected,blocklist:bedroom,https://live.staticflickr.com/3691/9236943892_32fd63bb37_b.jpg,https://www.flickr.com/photos/60849758@N05/9236943892,flickr,Target Duvet in Bedroom,emily @ go haus go,by,2.0,3c8cba70-0473-4eab-a805-a4177620e955,
,1,rejected,blocklist:bedroom,https://live.staticflickr.com/3674/9234139431_f42f0eeec2_b.jpg,https://www.flickr.com/photos/60849758@N05/9234139431,flickr,Target Duvet in Bedroom,emily @ go haus go,by,2.0,a4e90fb4-4d5a-4fb8-87aa-9e52ae2a996b,
,1,rejected,blocklist:bedroom,https://live.staticflickr.com/7442/9236928788_d1a7a3e2de_b.jpg,https://www.flickr.com/photos/60849758@N05/9236928788,flickr,Target Duvet in Bedroom,emily @ go haus go,by,2.0,cda3f112-0ccd-4748-b593-3fa5dffed880,
,1,rejected,blocklist:bedroom,https://live.staticflickr.com/3726/9236938688_d002289e2f_b.jpg,https://www.flickr.com/photos/60849758@N05/9236938688,flickr,Target Duvet in Bedroom,emily @ go haus go,by,2.0,c7be65ee-ed33-4c8d-bf43-5b06e8989d6d,
,1,rejected,blocklist:bedroom,https://live.staticflickr.com/5474/9236924132_381f903e3f_b.jpg,https://www.flickr.com/photos/60849758@N05/9236924132,flickr,Target Duvet in Bedroom,emily @ go haus go,by,2.0,dca49ffb-d8f6-4843-996e-f20353e6ec05,
,1,rejected,blocklist:bedroom,https://live.staticflickr.com/7390/9236925762_37ec7109fb_b.jpg,https://www.flickr.com/photos/60849758@N05/9236925762,flickr,Target Duvet in Bedroom,emily @ go haus go,by,2.0,7af9d584-7ef0-472c-81ea-62414e663cc8,
,1,rejected,blocklist:bedroom,https://live.staticflickr.com/2839/9234128547_827740f587_b.jpg,https://www.flickr.com/photos/60849758@N05/9234128547,flickr,Target Duvet in Bedroom,emily @ go haus go,by,2.0,676dba26-be1d-4f73-beaa-8f6c55d582db,
,1,rejected,blocklist:bedroom,https://live.staticflickr.com/3720/9234132859_319fabe7c1_b.jpg,https://www.flickr.com/photos/60849758@N05/9234132859,flickr,Target Duvet in Bedroom,emily @ go haus go,by,2.0,4ef73137-20c8-4bfb-b8e4-8f17f1c839eb,
,1,rejected,no-positive-keyword-match,https://live.staticflickr.com/173/481970693_6e6acbec49_b.jpg,https://www.flickr.com/photos/54418876@N00/481970693,flickr,My Room (May 2),dabdiputs,by-sa,2.0,ada50b18-f885-44a0-b833-281cf2b67188,
,1,rejected,blocklist:mattress,https://live.staticflickr.com/8636/16309737440_c07cb82085_b.jpg,https://www.flickr.com/photos/17997843@N02/16309737440,flickr,mattress,Dean Hochman,by,2.0,7dfd62db-1b99-4a68-a5bf-1df681096402,
b1_0003_bed-linen.jpg,1,accepted,,https://live.staticflickr.com/7320/8853440876_5a03a5ece8.jpg,https://www.flickr.com/photos/93421824@N06/8853440876,flickr,Bed Linen,Filter Forge,by,2.0,9a329e40-8c85-40df-917e-2ddbbadf6776,
,1,rejected,exact-duplicate,https://live.staticflickr.com/1237/807455805_b16ef41432_b.jpg,https://www.flickr.com/photos/49703429@N00/807455805,flickr,My ✡Tallit✡ & ✡Kippa✡,† Jimmy MacDonald †,by,2.0,66efab86-005c-4d63-bb98-3e7e963739ba,
,1,rejected,blocklist:fossil,https://live.staticflickr.com/7571/15642572684_c379234807_b.jpg,https://www.flickr.com/photos/47445767@N05/15642572684,flickr,"Borings in the Devil's Point Hardground (Cockburn Town Member, Grotto Beach Formation, Upper Pleistocene, ~120-123 ka; Cockburn Town Fossil Reef, San Salvador Island, Bahamas) 10",James St. John,by,2.0,cd46c73b-5e54-48e4-ad1f-d249d86d4992,
b1_0019_pliegue-en-cofre-o-encofrado-box-type-fo.jpg,1,rejected,manual-review:not-product-pattern-focused,https://live.staticflickr.com/1318/543121589_2b3aacec4d_b.jpg,https://www.flickr.com/photos/8150716@N04/543121589,flickr,Pliegue en cofre (o encofrado) / Box-type Fold,Miguel Vera,by,2.0,b2882781-4921-45a8-a566-cabcd6e79e76,
,1,rejected,blocklist:pillow,https://live.staticflickr.com/130/357354208_eb0d9b5f66_b.jpg,https://www.flickr.com/photos/71539256@N00/357354208,flickr,pillows,aliwest44,by,2.0,4b046a2e-6863-4a2c-b00f-edcdba1cf42d,
,1,rejected,blocklist:limestone,https://live.staticflickr.com/7465/16239513971_e8b44a2544_b.jpg,https://www.flickr.com/photos/47445767@N05/16239513971,flickr,"Bubble porosity & swash line on calcarenite bedding plane (Hanna Bay Member, Rice Bay Formation, Holocene; Grotto Bay, San Salvador Island, Bahamas) 2",James St. John,by,2.0,b90a715f-0d13-48c6-97c7-f27c7cb5b8ce,
,1,rejected,blocklist:fossil,https://live.staticflickr.com/7507/16076173210_bdffde3a09_b.jpg,https://www.flickr.com/photos/47445767@N05/16076173210,flickr,"Diploria clivosa fossil knobby brain coral (Cockburn Town Member, Grotto Beach Formation, Upper Pleistocene, 114.3 ka; Cockburn Town Fossil Reef, San Salvador Island, Bahamas) 2",James St. John,by,2.0,972f54f1-b099-4156-ad6e-4b47235e297a,
,1,rejected,blocklist:harry potter,https://live.staticflickr.com/5469/7180831633_fb82ee8cb2_b.jpg,https://www.flickr.com/photos/28752865@N08/7180831633,flickr,The Making of Harry Potter 29-05-2012,Karen Roe,by,2.0,b8b3d8ce-e88a-41a0-a6d0-14b76820e0b1,
,1,rejected,blocklist:harry potter,https://live.staticflickr.com/7218/7366042362_fb14a92502_b.jpg,https://www.flickr.com/photos/28752865@N08/7366042362,flickr,The Making of Harry Potter 29-05-2012,Karen Roe,by,2.0,3d9c65b7-487f-4c89-a0da-ec2c199b514c,
,1,rejected,blocklist:harry potter,https://live.staticflickr.com/7229/7180832127_25ccb6cdce_b.jpg,https://www.flickr.com/photos/28752865@N08/7180832127,flickr,The Making of Harry Potter 29-05-2012,Karen Roe,by,2.0,06284089-c5e4-4774-b29b-ee6f4ff0817a,
,1,rejected,blocklist:fossil,https://live.staticflickr.com/8581/16263812965_489131ea15_b.jpg,https://www.flickr.com/photos/47445767@N05/16263812965,flickr,"Diploria strigosa fossil symmetrical brain coral (Cockburn Town Member, Grotto Beach Formation, Upper Pleistocene, 114-127 ka; Cockburn Town Fossil Reef, San Salvador Island, Bahamas) 10",James St. John,by,2.0,dff2c2cc-b78f-448a-b9c7-c808c6bf3d90,
,1,rejected,blocklist:fossil,https://live.staticflickr.com/7472/16063075610_5d879f71e2_b.jpg,https://www.flickr.com/photos/47445767@N05/16063075610,flickr,"Porites porites coralstone (Cockburn Town Member, Grotto Beach Formation, Upper Pleistocene, 114-127 ka; Cockburn Town Fossil Reef, San Salvador Island, Bahamas)",James St. John,by,2.0,f881d491-eaee-4d4d-97db-773de8ee2c8c,
,1,rejected,blocklist:fossil,https://live.staticflickr.com/7524/15641310954_8f77f03d9b_b.jpg,https://www.flickr.com/photos/47445767@N05/15641310954,flickr,"Diploria strigosa fossil symmetrical brain coral (Cockburn Town Member, Grotto Beach Formation, Upper Pleistocene, 114-127 ka; Cockburn Town Fossil Reef, San Salvador Island, Bahamas) 8",James St. John,by,2.0,36b911b8-75c1-4032-bc16-b98c3447eeb6,
,1,rejected,blocklist:fossil,https://live.staticflickr.com/7530/16237623286_cacdb70a13_b.jpg,https://www.flickr.com/photos/47445767@N05/16237623286,flickr,"Diploria clivosa fossil knobby brain coral (Cockburn Town Member, Grotto Beach Formation, Upper Pleistocene, 114.3 ka; Cockburn Town Fossil Reef, San Salvador Island, Bahamas) 4",James St. John,by,2.0,c00ad004-0c89-4491-b58b-7cfefc05fdfc,
,1,rejected,blocklist:fossil,https://live.staticflickr.com/8618/16077620670_e47348f8f7_b.jpg,https://www.flickr.com/photos/47445767@N05/16077620670,flickr,"Borings in the Devil's Point Hardground (Cockburn Town Member, Grotto Beach Formation, Upper Pleistocene, ~120-123 ka; Cockburn Town Fossil Reef, San Salvador Island, Bahamas) 11",James St. John,by,2.0,9efc1144-5803-414e-9840-d1c28f91b454,
,1,rejected,blocklist:fossil,https://live.staticflickr.com/7488/15637335974_715d001700_b.jpg,https://www.flickr.com/photos/47445767@N05/15637335974,flickr,"Pocillopora palmata coralstone (Cockburn Town Member, Grotto Beach Formation, Upper Pleistocene, 114-127 ka; Cockburn Town Fossil Reef, San Salvador Island, Bahamas) 2",James St. John,by,2.0,b1295bac-e19a-4035-a38e-0c9f1241b811,
,1,rejected,blocklist:fossil,https://live.staticflickr.com/8562/16238882226_c62211a397_b.jpg,https://www.flickr.com/photos/47445767@N05/16238882226,flickr,"'Spaghetti encrusters' on the Devil's Point Hardground (Cockburn Town Member, Grotto Beach Formation, Upper Pleistocene, ~120-123 ka; Cockburn Town Fossil Reef, San Salvador Island, Bahamas) 4",James St. John,by,2.0,6dd1f6a1-0eb4-4785-9441-48bc6f5e9353,
,1,rejected,blocklist:fossil,https://live.staticflickr.com/8609/16078924117_59967eaa4c_b.jpg,https://www.flickr.com/photos/47445767@N05/16078924117,flickr,"'Spaghetti encrusters' on the Devil's Point Hardground (Cockburn Town Member, Grotto Beach Formation, Upper Pleistocene, ~120-123 ka; Cockburn Town Fossil Reef, San Salvador Island, Bahamas) 10",James St. John,by,2.0,fab8f3bf-9917-4053-acf4-9e58271a9638,
,1,rejected,blocklist:limestone,https://live.staticflickr.com/8582/16249986995_c20a264b49_b.jpg,https://www.flickr.com/photos/47445767@N05/16249986995,flickr,"Calcarenitic eolianite limestone (Cockburn Town Member, Grotto Beach Formation, Upper Pleistocene, 119-122 ka; Watling's Blue Hole overlook roadcut, San Salvador Island, Bahamas)",James St. John,by,2.0,33256cc8-bbfc-4cb1-90a2-92425f49665f,
,1,rejected,blocklist:fossil,https://live.staticflickr.com/8620/15641636014_bdbe0254ab_b.jpg,https://www.flickr.com/photos/47445767@N05/15641636014,flickr,"Diploria fossil brain coral on Devil's Point Hardground (Cockburn Town Member, Grotto Beach Formation, Upper Pleistocene, ~120-123 ka; Cockburn Town Fossil Reef, San Salvador Island, Bahamas) 1",James St. John,by,2.0,b66453c5-0c42-4de5-8a31-3e9d5fc5d59b,
,1,rejected,blocklist:fossil,https://live.staticflickr.com/7583/16263822345_0c584c673f_b.jpg,https://www.flickr.com/photos/47445767@N05/16263822345,flickr,"Diploria strigosa fossil symmetrical brain coral (Cockburn Town Member, Grotto Beach Formation, Upper Pleistocene, 114-127 ka; Cockburn Town Fossil Reef, San Salvador Island, Bahamas) 1",James St. John,by,2.0,51b4f7b2-2dd0-41a6-b5bc-3f783303ee5a,
,1,rejected,blocklist:limestone,https://live.staticflickr.com/8604/16053839498_0189005199_b.jpg,https://www.flickr.com/photos/47445767@N05/16053839498,flickr,"Bubble porosity & swash line on calcarenite bedding plane (Hanna Bay Member, Rice Bay Formation, Holocene; Grotto Bay, San Salvador Island, Bahamas) 3",James St. John,by,2.0,6f0326e7-9cec-41d9-8446-364f4fc8ba7f,
,1,rejected,blocklist:cat,https://live.staticflickr.com/2669/4095153444_26085b6d30_b.jpg,https://www.flickr.com/photos/10082321@N04/4095153444,flickr,Trading my old shoes for new feet.,BaileyRaeWeaver,by,2.0,1f5fdfef-0e18-4761-9ab0-9c695af060fb,
,1,rejected,blocklist:fossil,https://live.staticflickr.com/6004/6188521133_50166a9ec4_b.jpg,https://www.flickr.com/photos/31856336@N03/6188521133,flickr,Hypersaline Hopscotch,subarcticmike,by,2.0,c5eb8cda-0eda-4c52-af05-b4b13a46ac15,
,1,rejected,blocklist:bedroom,https://live.staticflickr.com/2291/2207846909_e3819d1d24_b.jpg,https://www.flickr.com/photos/17416832@N00/2207846909,flickr,Quilt top,emmajanehw,by,2.0,6ecfed1e-7e68-4c61-9220-e2454014bbae,
,1,rejected,blocklist:pillow,https://live.staticflickr.com/7521/16020434220_7ff132b900_b.jpg,https://www.flickr.com/photos/77309394@N00/16020434220,flickr,Another shirt,flikr,by,2.0,3493538f-5e36-4d93-91eb-051603e00504,
,1,rejected,blocklist:harry potter,https://live.staticflickr.com/5466/7366059440_aae29a6f6b_b.jpg,https://www.flickr.com/photos/28752865@N08/7366059440,flickr,The Making of Harry Potter 29-05-2012,Karen Roe,by,2.0,25e1fbba-15d8-458e-8a3b-a591f7257886,
,1,rejected,blocklist:harry potter,https://live.staticflickr.com/8002/7180816193_e9373e092c_b.jpg,https://www.flickr.com/photos/28752865@N08/7180816193,flickr,The Making of Harry Potter 29-05-2012,Karen Roe,by,2.0,1107c35d-7569-457d-b65c-c864eaef1bb5,
,1,rejected,blocklist:harry potter,https://live.staticflickr.com/7098/7180815269_3fa350e1f6_b.jpg,https://www.flickr.com/photos/28752865@N08/7180815269,flickr,The Making of Harry Potter 29-05-2012,Karen Roe,by,2.0,e6751316-395c-41ff-9afe-d4a9eb4ce127,
,1,rejected,blocklist:harry potter,https://live.staticflickr.com/7076/7180831881_7938799954_b.jpg,https://www.flickr.com/photos/28752865@N08/7180831881,flickr,The Making of Harry Potter 29-05-2012,Karen Roe,by,2.0,b2876b3b-3342-4314-aec8-1b54a2b85e9b,
,1,rejected,blocklist:fossil,https://live.staticflickr.com/8566/16276217725_b955bd1f41_b.jpg,https://www.flickr.com/photos/47445767@N05/16276217725,flickr,"Regressive succession - supratidal calcarenites over shallow subtidal calcarenites over coral rubblestones (Cockburn Town Member, Grotto Beach Formation, Upper Pleistocene, ~113-119 ka; Cockburn Town Fossil Reef, San Salvador Island, Bahamas) 5",James St. John,by,2.0,cad58acf-ab07-470b-a398-68a17d930253,
,1,rejected,blocklist:fossil,https://live.staticflickr.com/8644/15656334773_9a35053886_b.jpg,https://www.flickr.com/photos/47445767@N05/15656334773,flickr,"Regressive succession - supratidal calcarenites over shallow subtidal calcarenites over coral rubblestones (Cockburn Town Member, Grotto Beach Formation, Upper Pleistocene, ~113-119 ka; Cockburn Town Fossil Reef, San Salvador Island, Bahamas) 2",James St. John,by,2.0,13248d17-3d11-4208-880d-9f09c0c2987b,
,1,rejected,blocklist:fossil,https://live.staticflickr.com/7538/15645116253_9dd3c91ce7_b.jpg,https://www.flickr.com/photos/47445767@N05/15645116253,flickr,"Borings in the Devil's Point Hardground (Cockburn Town Member, Grotto Beach Formation, Upper Pleistocene, ~120-123 ka; Cockburn Town Fossil Reef, San Salvador Island, Bahamas) 2",James St. John,by,2.0,3980c7dd-be36-498f-8b0e-c2ffcbb2a738,
,1,rejected,blocklist:fossil,https://live.staticflickr.com/7568/15627930244_4e035eb3bf_b.jpg,https://www.flickr.com/photos/47445767@N05/15627930244,flickr,"Astralium phoebium (fossil star snail shell) in fossiliferous limestone (Cockburn Town Member, Grotto Beach Formation, Upper Pleistocene, 114-127 ka; Cockburn Town Fossil Reef, San Salvador Island, Bahamas) 1",James St. John,by,2.0,13b907b5-e357-42cd-a956-2cefc686d614,
,1,rejected,blocklist:fossil,https://live.staticflickr.com/8572/16263193971_08c763323b_b.jpg,https://www.flickr.com/photos/47445767@N05/16263193971,flickr,"Borings in the Devil's Point Hardground (Cockburn Town Member, Grotto Beach Formation, Upper Pleistocene, ~120-123 ka; Cockburn Town Fossil Reef, San Salvador Island, Bahamas) 1",James St. John,by,2.0,c751cbfd-c7b6-4fba-9d84-fa4b9124640d,
,1,rejected,blocklist:fossil,https://live.staticflickr.com/8635/15642586514_11e34b417a_b.jpg,https://www.flickr.com/photos/47445767@N05/15642586514,flickr,"Borings in the Devil's Point Hardground (Cockburn Town Member, Grotto Beach Formation, Upper Pleistocene, ~120-123 ka; Cockburn Town Fossil Reef, San Salvador Island, Bahamas) 5",James St. John,by,2.0,4c3da08a-297e-4129-bef7-39726e95ff40,
,1,rejected,blocklist:fossil,https://live.staticflickr.com/7510/16078930257_9050ab691b_b.jpg,https://www.flickr.com/photos/47445767@N05/16078930257,flickr,"'Spaghetti encrusters' on the Devil's Point Hardground (Cockburn Town Member, Grotto Beach Formation, Upper Pleistocene, ~120-123 ka; Cockburn Town Fossil Reef, San Salvador Island, Bahamas) 5",James St. John,by,2.0,f2106407-e1ba-4462-a762-4c662eee07f7,
,1,rejected,blocklist:harry potter,https://live.staticflickr.com/7097/7366059178_c8d05f2811_b.jpg,https://www.flickr.com/photos/28752865@N08/7366059178,flickr,The Making of Harry Potter 29-05-2012,Karen Roe,by,2.0,97035b72-a6fe-423f-bd25-98c88d321cc7,
,1,rejected,blocklist:harry potter,https://live.staticflickr.com/5322/7180815909_138e5ba01f_b.jpg,https://www.flickr.com/photos/28752865@N08/7180815909,flickr,The Making of Harry Potter 29-05-2012,Karen Roe,by,2.0,4e6a7880-d0af-4e52-ad3e-decd6aafeaab,
,1,rejected,blocklist:harry potter,https://live.staticflickr.com/7235/7366043220_bf2479612f_b.jpg,https://www.flickr.com/photos/28752865@N08/7366043220,flickr,The Making of Harry Potter 29-05-2012,Karen Roe,by,2.0,c1c92808-3940-4f65-834c-a948be7083a1,
b1_0020_dagger-sp-to-be-gen-det.jpg,1,rejected,manual-review:not-product-pattern-focused,https://live.staticflickr.com/472/20020387425_f4cdd0f594_b.jpg,https://www.flickr.com/photos/33398884@N03/20020387425,flickr,Dagger sp to be gen det,Bennyboymothman,by,2.0,04b51912-dafb-498a-8ecf-19682a90c518,
,1,rejected,blocklist:fossil,https://live.staticflickr.com/7514/16077420949_9d3bdf6970_b.jpg,https://www.flickr.com/photos/47445767@N05/16077420949,flickr,"Diploria clivosa fossil knobby brain coral (Cockburn Town Member, Grotto Beach Formation, Upper Pleistocene, 114.3 ka; Cockburn Town Fossil Reef, San Salvador Island, Bahamas) 3",James St. John,by,2.0,2e6f34d5-b8cd-46e1-980a-d0d82b09150b,
,1,rejected,blocklist:fossil,https://live.staticflickr.com/8626/16238036266_5acab4d791_b.jpg,https://www.flickr.com/photos/47445767@N05/16238036266,flickr,"Diploria strigosa fossil symmetrical brain coral (Cockburn Town Member, Grotto Beach Formation, Upper Pleistocene, 114-127 ka; Cockburn Town Fossil Reef, San Salvador Island, Bahamas) 11",James St. John,by,2.0,9649ae44-af80-4407-8b67-8f50ee067128,
,1,rejected,blocklist:fossil,https://live.staticflickr.com/8683/16079115827_729860fe72_b.jpg,https://www.flickr.com/photos/47445767@N05/16079115827,flickr,"Borings in the Devil's Point Hardground (Cockburn Town Member, Grotto Beach Formation, Upper Pleistocene, ~120-123 ka; Cockburn Town Fossil Reef, San Salvador Island, Bahamas) 9",James St. John,by,2.0,d904413c-2df9-4e0e-8617-ce18b0d5941a,
b1_0021_the-smithsons-peter-and-alison-smithson-.jpg,1,accepted,,https://live.staticflickr.com/5258/5425778211_56018e23ec_b.jpg,https://www.flickr.com/photos/94852245@N00/5425778211,flickr,"the smithsons, peter and alison smithson, economist building, london 1959-1964",seier+seier,by,2.0,1797716c-c8ec-4565-ba8a-0ef10edd44f2,manual_user_selection
,1,rejected,blocklist:fossil,https://live.staticflickr.com/8615/16262905312_51113964f7_b.jpg,https://www.flickr.com/photos/47445767@N05/16262905312,flickr,"Diploria strigosa fossil symmetrical brain coral (Cockburn Town Member, Grotto Beach Formation, Upper Pleistocene, 114-127 ka; Cockburn Town Fossil Reef, San Salvador Island, Bahamas) 16",James St. John,by,2.0,2ae366b9-29e9-48f2-a6da-e5a9e1d674b9,
,1,rejected,blocklist:fossil,https://live.staticflickr.com/7534/16078679369_45639e15ba_b.jpg,https://www.flickr.com/photos/47445767@N05/16078679369,flickr,"'Spaghetti encrusters' on the Devil's Point Hardground (Cockburn Town Member, Grotto Beach Formation, Upper Pleistocene, ~120-123 ka; Cockburn Town Fossil Reef, San Salvador Island, Bahamas) 6",James St. John,by,2.0,ccadc850-90dd-4ea1-b4b7-743c102fa908,
b1_0022_rich-anaerobic-grass-clippings.jpg,1,rejected,manual-review:not-product-pattern-focused,https://live.staticflickr.com/8155/7373500718_e6d36a77a1_b.jpg,https://www.flickr.com/photos/35387910@N04/7373500718,flickr,Rich anaerobic grass clippings,eggrole,by,2.0,d99675b4-81a8-4bab-afbc-ed0e1c558aeb,
,1,rejected,blocklist:fossil,https://live.staticflickr.com/7516/16077265548_b2f6d00eb9_b.jpg,https://www.flickr.com/photos/47445767@N05/16077265548,flickr,"'Spaghetti encrusters' on the Devil's Point Hardground (Cockburn Town Member, Grotto Beach Formation, Upper Pleistocene, ~120-123 ka; Cockburn Town Fossil Reef, San Salvador Island, Bahamas) 8",James St. John,by,2.0,0981587c-5842-47af-b8aa-b513dd25ad16,
,1,rejected,blocklist:fossil,https://live.staticflickr.com/8619/16077430890_7a7a86832b_b.jpg,https://www.flickr.com/photos/47445767@N05/16077430890,flickr,"'Spaghetti encrusters' on the Devil's Point Hardground (Cockburn Town Member, Grotto Beach Formation, Upper Pleistocene, ~120-123 ka; Cockburn Town Fossil Reef, San Salvador Island, Bahamas) 2",James St. John,by,2.0,465a7ca3-6edc-43ae-a91d-411f6d8115d4,
b1_0023_striped-linen.jpg,1,accepted,,https://live.staticflickr.com/2805/11167459404_338d9c65f9.jpg,https://www.flickr.com/photos/84564583@N08/11167459404,flickr,striped linen,Sharandra,by,2.0,80ee9a55-54ea-44de-9660-19234d4d1707,
,1,rejected,blocklist:fossil,https://live.staticflickr.com/3948/15351756909_e74251a413_b.jpg,https://www.flickr.com/photos/47445767@N05/15351756909,flickr,"Skolithos linearis burrows in quartzite (Clinch Formation, Lower Silurian; Clinch Mountain, Tennessee, USA) 8",James St. John,by,2.0,c32d4918-7e75-4336-8e0c-9286980859ee,
,1,rejected,blocklist:mountain,https://live.staticflickr.com/3913/14645229849_e8af3dbfae_b.jpg,https://www.flickr.com/photos/47445767@N05/14645229849,flickr,"Sulfidic serpentintite (platinum-palladium ore) (Johns-Manville Reef, Stillwater Complex, Neoarchean, 2.71 Ga; Stillwater Mine, Beartooth Mountains, Montana, USA) 2",James St. John,by,2.0,d962b4cf-ad7c-4499-b8d8-6261f7a2931c,
,1,rejected,blocklist:mountain,https://live.staticflickr.com/2940/14831517782_da1d5a98ed_b.jpg,https://www.flickr.com/photos/47445767@N05/14831517782,flickr,"Sulfidic serpentintite (platinum-palladium ore) (Johns-Manville Reef, Stillwater Complex, Neoarchean, 2.71 Ga; Stillwater Mine, Beartooth Mountains, Montana, USA) 1",James St. John,by,2.0,82fa4817-ad23-4139-815d-e318c394d4ff,
,1,rejected,blocklist:mountain,https://live.staticflickr.com/3897/14645349297_34cd1b959b_b.jpg,https://www.flickr.com/photos/47445767@N05/14645349297,flickr,"Sulfidic serpentintite (platinum-palladium ore) (Johns-Manville Reef, Stillwater Complex, Neoarchean, 2.71 Ga; Stillwater Mine, Beartooth Mountains, Montana, USA) 3",James St. John,by,2.0,0c0bf17a-85f6-49e8-be73-b5edcffc5f14,
,1,rejected,blocklist:fossil,https://live.staticflickr.com/7498/16259759515_fa54969409_b.jpg,https://www.flickr.com/photos/47445767@N05/16259759515,flickr,"Pocillopora palmata coralstone (Cockburn Town Member, Grotto Beach Formation, Upper Pleistocene, 114-127 ka; Cockburn Town Fossil Reef, San Salvador Island, Bahamas) 11",James St. John,by,2.0,016096da-c02e-4ed7-9ad8-0c806db6e5e5,
,1,rejected,blocklist:harry potter,https://live.staticflickr.com/8152/7366058132_5c76a1c84e_b.jpg,https://www.flickr.com/photos/28752865@N08/7366058132,flickr,The Making of Harry Potter 29-05-2012,Karen Roe,by,2.0,06c8d85e-2c27-4518-9c7e-82f3124835da,
,1,rejected,blocklist:pillow,https://live.staticflickr.com/7070/13909455327_cbefd5aba3_b.jpg,https://www.flickr.com/photos/8536261@N07/13909455327,flickr,Recycling a crochet snowflake,storebukkebruse,by,2.0,b090cd61-e2ca-41d0-be9a-9dfeafd06448,
,1,rejected,blocklist:fossil,https://live.staticflickr.com/8653/16077624890_8a5e23f0c1_b.jpg,https://www.flickr.com/photos/47445767@N05/16077624890,flickr,"Borings in the Devil's Point Hardground (Cockburn Town Member, Grotto Beach Formation, Upper Pleistocene, ~120-123 ka; Cockburn Town Fossil Reef, San Salvador Island, Bahamas) 8",James St. John,by,2.0,480a2cf2-ebe0-4900-b58e-720c635dae89,
,1,rejected,blocklist:fossil,https://live.staticflickr.com/7518/16079118697_419c1216d0_b.jpg,https://www.flickr.com/photos/47445767@N05/16079118697,flickr,"Borings in the Devil's Point Hardground (Cockburn Town Member, Grotto Beach Formation, Upper Pleistocene, ~120-123 ka; Cockburn Town Fossil Reef, San Salvador Island, Bahamas) 13",James St. John,by,2.0,8fbf3df7-f61a-48c6-aa9f-eeaf29f7d6f9,
,1,rejected,blocklist:fossil,https://live.staticflickr.com/7475/16072397350_bdee0023f4_b.jpg,https://www.flickr.com/photos/47445767@N05/16072397350,flickr,"Pocillopora palmata coralstone (Cockburn Town Member, Grotto Beach Formation, Upper Pleistocene, 114-127 ka; Cockburn Town Fossil Reef, San Salvador Island, Bahamas) 10",James St. John,by,2.0,1ef2c519-0272-4d9f-b767-4b647adcde2f,
,1,rejected,blocklist:fossil,https://live.staticflickr.com/8663/15637336454_5b43d89b3a_b.jpg,https://www.flickr.com/photos/47445767@N05/15637336454,flickr,"Pocillopora palmata coralstone (Cockburn Town Member, Grotto Beach Formation, Upper Pleistocene, 114-127 ka; Cockburn Town Fossil Reef, San Salvador Island, Bahamas) 1",James St. John,by,2.0,4da8197f-d5bd-415c-96ad-cbee25986ea5,
,1,rejected,blocklist:fossil,https://live.staticflickr.com/7525/16078675479_0fe4c2289d_b.jpg,https://www.flickr.com/photos/47445767@N05/16078675479,flickr,"'Spaghetti encrusters' on the Devil's Point Hardground (Cockburn Town Member, Grotto Beach Formation, Upper Pleistocene, ~120-123 ka; Cockburn Town Fossil Reef, San Salvador Island, Bahamas) 9",James St. John,by,2.0,450720be-e5f2-4bfc-9bff-a8761c354b9a,
,1,rejected,blocklist:portrait,https://live.staticflickr.com/8632/16481893165_0ef6b2ba11_b.jpg,https://www.flickr.com/photos/48267069@N03/16481893165,flickr,Rasch Textil Savannah,tapetenpics,by,2.0,840ee97d-a0a3-4354-82ed-3c5064ed9690,
,1,rejected,blocklist:furniture,https://live.staticflickr.com/3078/2821067291_c70e729909_b.jpg,https://www.flickr.com/photos/25186605@N04/2821067291,flickr,The thirty six possible configurations,Jeremy Levine Design,by,2.0,b0a028cc-cdf6-4eaa-9e4e-d90f49378816,
,1,rejected,blocklist:mountain,https://live.staticflickr.com/5588/15201947482_f56ec5f36b_b.jpg,https://www.flickr.com/photos/47445767@N05/15201947482,flickr,"Stromatolite in metadolostone (Nash Fork Formation, Paleoproterozoic, 2.06-2.08 Ga; Rt. 130 roadcut across from Miner's Cabin Trailhead, Medicine Bow Mountains, southeastern Wyoming, USA)",James St. John,by,2.0,8dbc412a-6ed0-4add-b498-63f49cd1f553,
,1,rejected,blocklist:mountain,https://live.staticflickr.com/3845/14645432467_8d4fcd6432_b.jpg,https://www.flickr.com/photos/47445767@N05/14645432467,flickr,"Chromitic dunite (Stillwater Complex, Neoarchean, 2.71 Ga; Beartooth Mountains, Montana, USA)",James St. John,by,2.0,8d620216-e6d0-494e-af2b-787fd5364e64,
,1,rejected,blocklist:fossil,https://live.staticflickr.com/8654/16258918232_9b1b637b76_b.jpg,https://www.flickr.com/photos/47445767@N05/16258918232,flickr,"Pocillopora palmata coralstone (Cockburn Town Member, Grotto Beach Formation, Upper Pleistocene, 114-127 ka; Cockburn Town Fossil Reef, San Salvador Island, Bahamas) 5",James St. John,by,2.0,106e4203-d35d-42e5-a7ee-b5f33c98cbc4,
,1,rejected,blocklist:fossil,https://live.staticflickr.com/7480/16077425830_4145ace17a_b.jpg,https://www.flickr.com/photos/47445767@N05/16077425830,flickr,"'Spaghetti encrusters' on the Devil's Point Hardground (Cockburn Town Member, Grotto Beach Formation, Upper Pleistocene, ~120-123 ka; Cockburn Town Fossil Reef, San Salvador Island, Bahamas) 7",James St. John,by,2.0,988d8d9e-d7c1-41c6-a32a-852ab08fb48b,
,1,rejected,blocklist:fossil,https://live.staticflickr.com/7461/16262981461_00853ffffe_b.jpg,https://www.flickr.com/photos/47445767@N05/16262981461,flickr,"'Spaghetti encrusters' on the Devil's Point Hardground (Cockburn Town Member, Grotto Beach Formation, Upper Pleistocene, ~120-123 ka; Cockburn Town Fossil Reef, San Salvador Island, Bahamas) 3",James St. John,by,2.0,4d91db3f-8133-4067-87b6-35876e03f254,
,1,rejected,blocklist:mountain,https://live.staticflickr.com/3913/14828814031_873f55a624_b.jpg,https://www.flickr.com/photos/47445767@N05/14828814031,flickr,"Sulfidic tremolitite (platinum-palladium ore) (Johns-Manville Reef, Stillwater Complex, Neoarchean, 2.71 Ga; Stillwater Mine, Beartooth Mountains, Montana, USA)",James St. John,by,2.0,d98f1967-e87d-4d6e-8b79-42450cf8cb77,
b1_0024_bed-sheet.jpg,1,accepted,,https://live.staticflickr.com/2480/4048048115_bd0500afef_b.jpg,https://www.flickr.com/photos/34621580@N00/4048048115,flickr,bed sheet,Mr Thinktank,by,2.0,df4a80ef-ed4b-4b53-b0af-11b9d3dd72ff,
,1,rejected,blocklist:bedroom,https://live.staticflickr.com/6138/6010190797_6db47bfc28_b.jpg,https://www.flickr.com/photos/12176921@N05/6010190797,flickr,Ring bearer pillows match the wedding quilt.,DanaK~WaterPenny,by,2.0,b05433e2-f957-47db-9732-6613f3f89873,
,1,rejected,blocklist:fossil,https://live.staticflickr.com/8583/16077030598_d25413dd1f_b.jpg,https://www.flickr.com/photos/47445767@N05/16077030598,flickr,"Paleoerosion-planed off fossil corals in fossiliferous limestone (Devil's Point Hardground, Cockburn Town Member, Grotto Beach Formation, Upper Pleistocene, ~120-123 ka; Cockburn Town Fossil Reef, San Salvador Island, Bahamas) 3",James St. John,by,2.0,ff65a5a3-2a63-44f0-b7c9-46cfe0dbde7a,
,1,rejected,blocklist:fossil,https://live.staticflickr.com/7580/16262743331_07a005d0fb_b.jpg,https://www.flickr.com/photos/47445767@N05/16262743331,flickr,"Paleoerosion-planed off fossil corals in fossiliferous limestone (Devil's Point Hardground, Cockburn Town Member, Grotto Beach Formation, Upper Pleistocene, ~120-123 ka; Cockburn Town Fossil Reef, San Salvador Island, Bahamas) 4",James St. John,by,2.0,bfa6a9bf-4b0a-492f-82af-e70a5569284b,
b1_0025_topographic-sandbox-callibration-phase.jpg,1,accepted,,https://live.staticflickr.com/3104/2716452371_719119d3b0_b.jpg,https://www.flickr.com/photos/35468148654@N01/2716452371,flickr,topographic sandbox callibration phase,jared,by,2.0,27dcd09f-ca6b-444f-b09f-a18cac028b31,manual_user_selection
b1_0026_stromatolite-in-silicified-metadolostone.jpg,1,rejected,manual-review:not-product-pattern-focused,https://live.staticflickr.com/5565/15015845777_634a05c18b_b.jpg,https://www.flickr.com/photos/47445767@N05/15015845777,flickr,"Stromatolite in silicified metadolostone (Kona Dolomite, Paleoproterozoic, 2.2 to 2.3 Ga; County Road 480 roadcut, Ragged Hills, Upper Peninsula of Michigan, USA) 2",James St. John,by,2.0,74b57a21-46d7-464d-995c-b2f48c7a0348,
,1,rejected,blocklist:fossil,https://live.staticflickr.com/7533/16073913657_b23d761343_b.jpg,https://www.flickr.com/photos/47445767@N05/16073913657,flickr,"Pocillopora palmata coralstone (Cockburn Town Member, Grotto Beach Formation, Upper Pleistocene, 114-127 ka; Cockburn Town Fossil Reef, San Salvador Island, Bahamas) 6",James St. John,by,2.0,89289561-7795-4192-8a07-4b1b90bca75a,
b1_0027_2341-cloaked-minor-mesoligia-furuncula.jpg,1,rejected,manual-review:not-product-pattern-focused,https://live.staticflickr.com/541/19399430333_4d0aa9254e_b.jpg,https://www.flickr.com/photos/33398884@N03/19399430333,flickr,[2341] Cloaked Minor (Mesoligia furuncula),Bennyboymothman,by,2.0,d423b02c-478d-430a-ac20-f2f181258377,
b1_0028_037-optical-after-effect.jpg,1,accepted,,https://live.staticflickr.com/3792/12209206075_05d988699e.jpg,https://www.flickr.com/photos/60057912@N00/12209206075,flickr,037 - Optical After Effect,Patrick Hoesly,by,2.0,56a2c40d-2ed1-4bf9-948d-fbb9c19df081,
b1_0029_webtreatsetc-abstract-warped-dots-seamle.jpg,1,accepted,,https://live.staticflickr.com/4032/4209587115_ed6049e593_b.jpg,https://www.flickr.com/photos/44071822@N08/4209587115,flickr,Webtreatsetc Abstract Warped Dots Seamless Patterns 4,webtreats,by,2.0,091a17e4-2484-4ff3-b0d4-19b1634acf0d,
b1_0030_webtreats-seamless-retro-grunge-abstract.jpg,1,accepted,,https://live.staticflickr.com/4024/4660454529_2593b15b7f.jpg,https://www.flickr.com/photos/44071822@N08/4660454529,flickr,Webtreats Seamless Retro Grunge Abstract Maze Textures 2310-v3-1,webtreats,by,2.0,03872554-c236-4f5c-8926-862309deb941,
b1_0031_african-textile-pattern.jpg,1,accepted,,https://live.staticflickr.com/3527/4080593545_bac7181202_b.jpg,https://www.flickr.com/photos/9822107@N08/4080593545,flickr,African Textile Pattern,shaire productions,by,2.0,6228cddb-1a66-4e0d-ab5d-96b979bb6ef1,
b1_0032_chiyo-gami.jpg,1,accepted,,https://live.staticflickr.com/3019/2744660800_56f87db794_b.jpg,https://www.flickr.com/photos/25767427@N06/2744660800,flickr,Chiyo Gami,Ol' Wizard,by,2.0,ccb8bb0a-3aa1-4bd3-be09-14d7f4dfd85b,
b1_0033_image-plate-from-owen-jones-1853-classic.jpg,1,accepted,,https://live.staticflickr.com/44/117615251_03edc5740a_b.jpg,https://www.flickr.com/photos/44315708@N00/117615251,flickr,"Image Plate from Owen Jones' 1853 classic, 'The Grammar of Ornament'.",EricGjerde,by,2.0,fe525596-7afe-454a-8f63-e70c7bd5f094,
b1_0034_vintage-woodblock-print-of-japanese-text.jpg,1,accepted,,https://live.staticflickr.com/1743/41066813340_71bf36a2de_b.jpg,https://www.flickr.com/photos/153584064@N07/41066813340,flickr,Vintage woodblock print of Japanese textile from Shima-Shima (1904) by Furuya Korin. Digitally enhanced from our own original edition.,Free Public Domain Illustrations by rawpixel,by,2.0,3942936d-d9d3-493a-bed7-2ebbff17ac52,
b1_0035_basketball-leather-texture.jpg,1,accepted,,https://live.staticflickr.com/5251/5572020196_683ed469bc_b.jpg,https://www.flickr.com/photos/35244081@N04/5572020196,flickr,Basketball Leather Texture,robertglynnlane,by,2.0,b55adea1-4cd1-4f13-a1de-355b6258c1d4,manual_user_selection
b1_0036_paper-engraved-money.jpg,1,accepted,,https://live.staticflickr.com/5136/5532728702_5e029c3588_b.jpg,https://www.flickr.com/photos/12836528@N00/5532728702,flickr,Paper engraved money,kevin dooley,by,2.0,01970c3a-cb19-46e6-acff-cbc723813be4,manual_user_selection
b1_0037_mexican-paper-money-macros.jpg,1,rejected,manual-review:not-product-pattern-focused,https://live.staticflickr.com/5019/5532142163_a777fc026f_b.jpg,https://www.flickr.com/photos/12836528@N00/5532142163,flickr,Mexican paper money - macros,kevin dooley,by,2.0,eb7d2cf8-90dd-41ac-bb5f-79a86d7e50e1,
b1_0038_dentist-qr-code-to-demo-mobile-website.jpg,1,rejected,manual-review:not-product-pattern-focused,https://live.staticflickr.com/8299/7778492848_2dbcfa2a80_m.jpg,https://www.flickr.com/photos/82877228@N03/7778492848,flickr,Dentist_QR_Code_to_Demo_Mobile_Website,Ola Uno Corporation,by,2.0,f2cee77e-112f-4136-ac4b-9195acabbe88,
b1_0039_silver-pixel-pattern-paper.jpg,1,accepted,,https://live.staticflickr.com/5307/5559492799_e685337d62_b.jpg,https://www.flickr.com/photos/8616539@N08/5559492799,flickr,silver pixel pattern paper,Bellevue Fine Art Repro (Scott),by,2.0,370ff755-e25b-41f6-93a6-127f884caa4f,
b1_0040_kidney-beans.jpg,1,rejected,manual-review:not-product-pattern-focused,https://live.staticflickr.com/6176/6173542337_bd623de80d.jpg,https://www.flickr.com/photos/37449456@N04/6173542337,flickr,Kidney Beans,shipbrook,by,2.0,3b4959dc-89fb-40de-9790-2d9d5480c63c,
b1_0041_zebra-print.jpg,1,accepted,,https://live.staticflickr.com/2750/4250186546_4245f247c2_b.jpg,https://www.flickr.com/photos/9822107@N08/4250186546,flickr,Zebra Print,shaire productions,by,2.0,a4cfdd79-a818-4327-b7ba-6993f10f2661,
b1_0042_from-the-brockhaus-and-efron-encyclopedi.jpg,1,accepted,,https://live.staticflickr.com/4008/4711123436_f87abc5d4b_b.jpg,https://www.flickr.com/photos/49879584@N00/4711123436,flickr,From the Brockhaus and Efron Encyclopedic Dictionary,Double--M,by,2.0,d20e8797-1d98-4eab-b6fd-2fb65b5c22de,manual_user_selection
b1_0043_essai-sur-l-architecture-chinoise-page-0.jpg,1,accepted,,https://live.staticflickr.com/5560/14767735779_f6b5097027_b.jpg,https://www.flickr.com/photos/44343967@N00/14767735779,flickr,中國建築彩繪筆記 工具與樣式 Essai sur l'architecture chinoise - Page 0410,準建築人手札網站 Forgemind ArchiMedia,by,2.0,e531edc8-dbc1-4042-839e-aefc8d2e4fdf,manual_user_selection
b1_0044_zentangle-4-16-12.jpg,1,accepted,,https://live.staticflickr.com/8152/7470559922_cd29549087.jpg,https://www.flickr.com/photos/74646758@N04/7470559922,flickr,Zentangle 4-16-12,terry_lynn_12,by,2.0,7665ec7e-921a-4bc7-aada-897afde5fb10,
b1_0045_iconography-of-zelda.jpg,1,accepted,,https://live.staticflickr.com/4047/4532187140_38fb8476f5.jpg,https://www.flickr.com/photos/18572101@N08/4532187140,flickr,Iconography of Zelda,@CorySchmitz,by,2.0,d383478d-6603-4585-91f0-dac7999d835e,manual_user_selection
b1_0046_webtreats-tileable-organic-op-art-photos.jpg,1,accepted,,https://live.staticflickr.com/3105/5709191308_3afde6f5e4_b.jpg,https://www.flickr.com/photos/44071822@N08/5709191308,flickr,Webtreats Tileable Organic Op Art Photoshop Pattern 4,webtreats,by,2.0,da8e01e4-39c9-4faf-9440-9577a792c073,
b1_0047_blue-and-green-handmade-batik-paper.jpg,1,accepted,,https://live.staticflickr.com/5142/5560069868_20bd27c05f_b.jpg,https://www.flickr.com/photos/8616539@N08/5560069868,flickr,blue and green handmade batik paper,Bellevue Fine Art Repro (Scott),by,2.0,e1cec21a-626e-41f2-86ca-5e10f64b029a,
b1_0048_chinese-paper-money-macros.jpg,1,rejected,manual-review:not-product-pattern-focused,https://live.staticflickr.com/5134/5532719450_d8276f6a08_b.jpg,https://www.flickr.com/photos/12836528@N00/5532719450,flickr,Chinese paper money - macros,kevin dooley,by,2.0,23adcc2b-a8af-44c4-bdd5-cfaedb090f58,
,1,rejected,blocklist:cat,https://live.staticflickr.com/4805/43944991190_b548669b46_b.jpg,https://www.flickr.com/photos/153584064@N07/43944991190,flickr,Fruit or Pomegranate by William Morris (1834-1896). Original from The MET Museum. Digitally enhanced by rawpixel.,Free Public Domain Illustrations by rawpixel,by,2.0,dda688e0-b44f-40ac-aaa9-f4b596479203,
b1_0049_halftone-pattern.jpg,1,accepted,,https://live.staticflickr.com/3331/3592195885_0f791eea7a_b.jpg,https://www.flickr.com/photos/9822107@N08/3592195885,flickr,Halftone Pattern,shaire productions,by,2.0,7f3a5e65-bdee-4d66-a92d-0284dadad540,
b1_0050_isotropic-spherical-maze-ii.jpg,1,accepted,,https://live.staticflickr.com/2023/3538046700_31bb9614db_b.jpg,https://www.flickr.com/photos/77581941@N00/3538046700,flickr,Isotropic Spherical Maze II,vitroid,by,2.0,9c02bfc8-f340-48ef-9299-b6a9068a7be1,
b1_0051_webtreats-seamless-retro-grunge-abstract.jpg,1,accepted,,https://live.staticflickr.com/5243/5237932940_1d29d04060.jpg,https://www.flickr.com/photos/44071822@N08/5237932940,flickr,Webtreats Seamless Retro Grunge Abstract Maze Textures 2310-v3-3,webtreats,by,2.0,fd7b94a1-5839-47e5-9b57-b14d51ae8d54,
b1_0052_little-daisy.jpg,1,rejected,manual-review:not-product-pattern-focused,https://live.staticflickr.com/7433/12891819633_e4c82b51e8_b.jpg,https://www.flickr.com/photos/60291025@N05/12891819633,flickr,Little Daisy,pavlinajane,by-sa,2.0,f9c788f8-ecea-4904-8721-343ea789a409,
b1_0053_sample-patterns.jpg,1,accepted,,https://live.staticflickr.com/2247/1805214336_09f2c104cc_b.jpg,https://www.flickr.com/photos/55573153@N00/1805214336,flickr,Sample Patterns,joguldi,by,2.0,ea65febb-2894-417c-9dd3-1f35845931ae,
b1_0054_chinese-paper-money-macros.jpg,1,rejected,manual-review:not-product-pattern-focused,https://live.staticflickr.com/5099/5532722324_8bb2501bcc_b.jpg,https://www.flickr.com/photos/12836528@N00/5532722324,flickr,Chinese paper money - macros,kevin dooley,by,2.0,6198679a-9bf5-4c24-8a4c-cd4628073608,
b1_0055_80-s-notebook.jpg,1,accepted,,https://live.staticflickr.com/94/216288433_26f140364a.jpg,https://www.flickr.com/photos/95428128@N00/216288433,flickr,80's notebook,mel e mo,by,2.0,b756f3f6-4b2a-4672-94ec-fa043a9d340c,manual_user_selection
,1,rejected,blocklist:cat,https://live.staticflickr.com/1110/751682546_9bb81f05a4_b.jpg,https://www.flickr.com/photos/35468148654@N01/751682546,flickr,Nine.Block,jared,by,2.0,db476ccd-9ebc-4e75-ae51-a8c8752283cd,
b1_0056_picture-of-atoms.jpg,1,accepted,,https://live.staticflickr.com/1/517311_ce31e0d84a_b.jpg,https://www.flickr.com/photos/44124348109@N01/517311,flickr,Picture of Atoms,jurvetson,by,2.0,9d2cfd66-1eb8-422a-a51b-d95f93aa23be,manual_user_selection
b1_0057_from-harpel-s-typograph.jpg,1,accepted,,https://live.staticflickr.com/4032/4619265955_f123fe3d09_b.jpg,https://www.flickr.com/photos/49879584@N00/4619265955,flickr,From Harpel's Typograph,Double--M,by,2.0,5c6d1bdc-9e5d-4783-a238-15916baded1a,
b1_0058_chinese-paper-money-macros.jpg,1,accepted,,https://live.staticflickr.com/5019/5532718506_e472e1c0be_b.jpg,https://www.flickr.com/photos/12836528@N00/5532718506,flickr,Chinese paper money - macros,kevin dooley,by,2.0,6fd569f8-2466-4827-8432-fa64c1b8b400,manual_user_selection
b1_0059_the-book-of-the-dead-2.jpg,1,accepted,,https://live.staticflickr.com/5249/5276862967_fe949d3efb_b.jpg,https://www.flickr.com/photos/56796376@N00/5276862967,flickr,The Book of the Dead #2,mckaysavage,by,2.0,3d10a2b8-11e9-46d2-b81b-14b0c556415b,manual_user_selection
,1,rejected,blocklist:animal,https://live.staticflickr.com/4072/4688488760_1911d5ba0a_b.jpg,https://www.flickr.com/photos/9822107@N08/4688488760,flickr,Zebra Pattern,shaire productions,by,2.0,da12e88d-dd10-4b24-b6c0-9fdfae12f5fc,
,1,rejected,blocklist:people,https://live.staticflickr.com/7037/6871044609_e8003bcf0f_b.jpg,https://www.flickr.com/photos/9822107@N08/6871044609,flickr,Pink and Black Zebra Print,shaire productions,by,2.0,65dfc43a-8e28-4401-b46d-be912cb95dfa,
b1_0060_rice-paper-swans-medium.jpg,1,rejected,manual-review:not-product-pattern-focused,https://live.staticflickr.com/1430/5110983227_72d87f0501_b.jpg,https://www.flickr.com/photos/8616539@N08/5110983227,flickr,rice paper swans medium,Bellevue Fine Art Repro (Scott),by,2.0,26bca874-f880-43b6-8a02-d09f9f9f8cbe,
b1_0061_083-x-04b-page-detail-from-h-p-lovecraft.jpg,1,rejected,manual-review:not-product-pattern-focused,https://live.staticflickr.com/7045/6797828268_b5a17055a0_b.jpg,https://www.flickr.com/photos/41340252@N08/6797828268,flickr,083 X_04b Page Detail from H. P. Lovecraft Letter to E. Hoffmann Price 4-7 May 1935 4.1 X 6.8 From the 10-May-1981 Envelope to William Hart,CthulhuWho1 (Will Hart),by,2.0,0049dff0-2cc6-4cf4-aeb6-c28c0d913ad9,
b1_0062_detail-of-mixed-tape-quilt.jpg,1,accepted,,https://live.staticflickr.com/5227/5595926103_13a9d7e66e.jpg,https://www.flickr.com/photos/7573128@N06/5595926103,flickr,Detail of Mixed Tape Quilt,TinyApartmentCrafts,by,2.0,e252b677-cdd6-4cdb-b157-0a3f9565ec7d,
b1_0063_sixties-seventies-era-floral-print-wallp.jpg,1,accepted,,https://live.staticflickr.com/3410/4625797329_b65865d8cb_b.jpg,https://www.flickr.com/photos/64097751@N00/4625797329,flickr,Sixties / Seventies Era Floral Print Wallpaper - Brian Eno Speaker Flowers Sound Installation at Marlborough House,Dominic's pics,by,2.0,2c17218d-9c9b-428e-8699-f21ddb9a7542,
b1_0064_brockhaus-efron-encyclopedic-dictionary.jpg,1,accepted,,https://live.staticflickr.com/2788/4496577940_37d57f3201_b.jpg,https://www.flickr.com/photos/49879584@N00/4496577940,flickr,Brockhaus & Efron Encyclopedic Dictionary,Double--M,by,2.0,f9f88e0b-abae-49a7-9a47-9863cd5a1b41,manual_user_selection
b1_0065_sultanahmet-camii.jpg,1,accepted,,https://live.staticflickr.com/5069/5890875900_233f8bf624_b.jpg,https://www.flickr.com/photos/25182210@N07/5890875900,flickr,Sultanahmet Camii,dynamosquito,by-sa,2.0,68d6e694-5e5b-4319-9b7d-c8dfff741305,manual_user_selection
b1_0066_florentine-swirl-pattern-paper.jpg,1,accepted,,https://live.staticflickr.com/5067/5559489765_ebbd170957_b.jpg,https://www.flickr.com/photos/8616539@N08/5559489765,flickr,florentine swirl pattern paper,Bellevue Fine Art Repro (Scott),by,2.0,390dac94-f2c9-4729-8f8b-52519a67abfd,
b1_0067_pink-damask-paper.jpg,1,accepted,,https://live.staticflickr.com/5295/5548530338_d6678770ff_b.jpg,https://www.flickr.com/photos/8616539@N08/5548530338,flickr,pink-damask-paper,Bellevue Fine Art Repro (Scott),by,2.0,a2773499-42c8-4d93-9a4a-ee477d3c56b4,
b1_0068_safari-texture.jpg,1,accepted,,https://live.staticflickr.com/2129/2002587597_201a7150d2_b.jpg,https://www.flickr.com/photos/15307669@N02/2002587597,flickr,Safari Texture,Yindabelle,by,2.0,738cc9cc-42b3-4408-bebb-485175c99d3b,manual_user_selection
,1,rejected,blocklist:cat,https://live.staticflickr.com/3844/14721458075_c9a3288e65_b.jpg,https://www.flickr.com/photos/97123293@N07/14721458075,flickr,"columbine, ancolie, aglei. La plante et ses applications ornementales by Grasset, M. E. Illustration by Maurice Pillard Verneuil (1896)",Swallowtail Garden Seeds,pdm,1.0,50e22b30-df28-43c4-a387-2860329376a5,
,1,rejected,blocklist:animal,https://live.staticflickr.com/4019/4683772504_3bd5f75c33_b.jpg,https://www.flickr.com/photos/49879584@N00/4683772504,flickr,From the Brockhaus and Efron Encyclopedic Dictionary,Double--M,by,2.0,dadb6683-f0d1-4051-82fe-a1447b93c41f,
b1_0069_wallpaper-samples.jpg,1,accepted,,https://live.staticflickr.com/3066/2461642743_93a5f5932b_b.jpg,https://www.flickr.com/photos/43762537@N00/2461642743,flickr,Wallpaper Samples,IrishFireside,by,2.0,fcacc6b6-a8ff-4977-b46f-acd8d86b8338,
b1_0070_chinese-paper-money-macros.jpg,1,accepted,,https://live.staticflickr.com/5016/5532720690_421af8469d_b.jpg,https://www.flickr.com/photos/12836528@N00/5532720690,flickr,Chinese paper money - macros,kevin dooley,by,2.0,fe189f09-0d7a-48bd-bbc1-d00a5187dd90,manual_user_selection
b1_0071_textile-texture-3-dots.jpg,1,accepted,,https://live.staticflickr.com/3196/4557666980_a59c8e649c_b.jpg,https://www.flickr.com/photos/48184699@N04/4557666980,flickr,Textile texture 3—dots,FreePX,by,2.0,1e6f33c2-962a-416e-8363-6f6b50c3db09,
,1,rejected,blocklist:cat,https://live.staticflickr.com/4865/45712426702_b3c94f8af8_b.jpg,https://www.flickr.com/photos/153584064@N07/45712426702,flickr,Pink and Rose by William Morris (1834-1896). Original from The MET Museum. Digitally enhanced by rawpixel.,Free Public Domain Illustrations by rawpixel,by,2.0,4003430b-768d-450c-b783-effa87d82c74,
b1_0072_inicial-a.jpg,1,accepted,,https://live.staticflickr.com/5333/9235924097_fc7f998223_b.jpg,https://www.flickr.com/photos/37667416@N04/9235924097,flickr,Inicial A.,Biblioteca Rector Machado y Nuñez,pdm,1.0,071f2025-55cc-4514-9060-eac717b01155,manual_user_selection
,1,rejected,blocklist:cat,https://live.staticflickr.com/1904/45712430602_f633613d26_b.jpg,https://www.flickr.com/photos/153584064@N07/45712430602,flickr,Holland Park Carpet by William Morris (1834-1896. Original from The MET Museum. Digitally enhanced by rawpixel.,Free Public Domain Illustrations by rawpixel,by,2.0,9bbe6d76-0e4d-4d26-ad60-debc80edeb9e,
,1,rejected,blocklist:animal,https://live.staticflickr.com/4054/4250185244_9dc1001083_b.jpg,https://www.flickr.com/photos/9822107@N08/4250185244,flickr,Animal Print,shaire productions,by,2.0,893b8c6d-b593-413a-b5c4-94dbd7c78558,
b1_0073_wallpaper.jpg,1,accepted,,https://live.staticflickr.com/4048/4470000532_2a5ae5a222_b.jpg,https://www.flickr.com/photos/12508217@N08/4470000532,flickr,Wallpaper,Sam Howzit,by,2.0,8973983d-0305-449b-b276-bd2088638e09,
b1_0074_owls-and-butterflies.jpg,1,accepted,,https://live.staticflickr.com/8483/8223582069_877edfea12_b.jpg,https://www.flickr.com/photos/75625814@N04/8223582069,flickr,Owls and Butterflies,Olga Kuba,by,2.0,96fbdea0-25d5-4a5d-87be-bd46d4a4ae94,
b1_0075_mexican-paper-money-macros.jpg,1,accepted,,https://live.staticflickr.com/5054/5532143345_f2ae8011b5_b.jpg,https://www.flickr.com/photos/12836528@N00/5532143345,flickr,Mexican paper money - macros,kevin dooley,by,2.0,77d5766a-ad45-450a-ac27-64b17d40b936,manual_user_selection
b1_0076_inicial-t.jpg,1,accepted,,https://live.staticflickr.com/2805/9235922987_0cdc6dac37_b.jpg,https://www.flickr.com/photos/37667416@N04/9235922987,flickr,Inicial T.,Biblioteca Rector Machado y Nuñez,pdm,1.0,6f71ff24-1c44-41be-8d39-a6617fbcd0d0,manual_user_selection
b1_0077_chinese-paper-money-macros.jpg,1,rejected,manual-review:not-product-pattern-focused,https://live.staticflickr.com/5173/5532722944_f659ac19b9_b.jpg,https://www.flickr.com/photos/12836528@N00/5532722944,flickr,Chinese paper money - macros,kevin dooley,by,2.0,e8d828a8-dc00-424d-b208-28e07da42345,
b1_0078_chinese-paper-money-macros.jpg,1,rejected,manual-review:not-product-pattern-focused,https://live.staticflickr.com/5017/5532723958_3084032b73_b.jpg,https://www.flickr.com/photos/12836528@N00/5532723958,flickr,Chinese paper money - macros,kevin dooley,by,2.0,dd94a373-8f7e-4ee1-aea9-bc3f1547ac01,
,1,rejected,blocklist:people,https://live.staticflickr.com/6039/6310113336_2a78e247cc_b.jpg,https://www.flickr.com/photos/67769030@N07/6310113336,flickr,"Orchha, woodblock printing",Arian Zwegers,by,2.0,f794e8c3-8bf0-41d3-a86a-78782c2ec6a8,
,1,rejected,blocklist:cat,https://live.staticflickr.com/8044/8098572462_e8548a9828_b.jpg,https://www.flickr.com/photos/9822107@N08/8098572462,flickr,Free Photo Download: Leopard Print,shaire productions,by,2.0,ac35fa12-3821-487c-b576-2b5f59f5a6b4,
b1_0079_brentano-filigree-varsity-portfolio-coll.jpg,1,accepted,,https://live.staticflickr.com/6071/6024142117_9e5d90fbe6_b.jpg,https://www.flickr.com/photos/42298505@N02/6024142117,flickr,"Brentano - Filigree & Varsity, Portfolio Collection Fall 2011",Brentano fabrics,pdm,1.0,fb9a7b6d-cc27-4336-90b7-128036fe4277,
,1,rejected,blocklist:cat,https://live.staticflickr.com/4031/4606988133_79215fa769_b.jpg,https://www.flickr.com/photos/17557997@N02/4606988133,flickr,Birds Endpapers,Calsidyrose,by,2.0,28048e8d-8325-4441-813e-ecf997905c27,
b1_0080_textures-for-textiles.jpg,1,accepted,,https://live.staticflickr.com/123/387327828_8389b791bd.jpg,https://www.flickr.com/photos/56252733@N00/387327828,flickr,Textures for Textiles,Meanest Indian,by,2.0,da9c07ef-7e49-4e0a-9e00-46ca2cade52d,
b1_0081_heckers-perfect-baking-powder-purity-and.jpg,1,accepted,,https://live.staticflickr.com/8345/8191932614_a94a0a1c97_b.jpg,https://www.flickr.com/photos/24029425@N06/8191932614,flickr,"Heckers' perfect baking powder, purity and strength guaranteed. [front]",Boston Public Library,by,2.0,93c6b2f3-5a38-471d-9676-9633de91f0c1,manual_user_selection
,1,rejected,blocklist:people,https://live.staticflickr.com/65535/51915288416_8a3c34bdbd_b.jpg,https://www.flickr.com/photos/153584064@N07/51915288416,flickr,Calendar for 1901 with women and flowers (1900) print in high resolution by Gerrit Willem Dijsselhof. Original from the Rijksmuseum. Digitally enhanced by rawpixel.,Free Public Domain Illustrations by rawpixel,by,2.0,56f89a0c-1dfe-4daa-ae2a-d9021cfa8565,
,1,rejected,blocklist:sculpture,https://live.staticflickr.com/7359/15970861913_38eca4567b_b.jpg,https://www.flickr.com/photos/88876166@N00/15970861913,flickr,Nomade Glow,Phil Roeder,by,2.0,92339e78-d19d-4c8d-bcc9-0715c1421618,
b1_0082_075-k-01b-page-three-detail-from-h-p-lov.jpg,1,rejected,manual-review:not-product-pattern-focused,https://live.staticflickr.com/7053/6797825258_9e5b37a04e_b.jpg,https://www.flickr.com/photos/41340252@N08/6797825258,flickr,075 K_01b Page Three Detail from H. P. Lovecraft 18-Nov-1932 Letter to E. Hoffmann Price 5.4 X 7 From the 10-May-1981 Envelope to William Hart,CthulhuWho1 (Will Hart),by,2.0,acba14de-2649-4365-af77-47a44f06aa09,
b1_0083_beef-blade-pot-roast.jpg,1,rejected,manual-review:not-product-pattern-focused,https://live.staticflickr.com/2601/4163772506_5bb08e5b94_b.jpg,https://www.flickr.com/photos/62025628@N00/4163772506,flickr,Beef Blade Pot Roast,"Thoth, God of Knowledge",by,2.0,f56b1482-0a57-4e5a-adf6-aba3cf3c7df0,
,1,rejected,blocklist:woman,https://live.staticflickr.com/5332/9004509194_aaa4485a2e.jpg,https://www.flickr.com/photos/59116055@N03/9004509194,flickr,Rosy Lace Bra,The Lingerie Addict,by,2.0,b651340f-aca1-4137-8a0a-d9853832d9f4,
,1,rejected,blocklist:landscape,https://live.staticflickr.com/1134/660169919_f9ca74976b_b.jpg,https://www.flickr.com/photos/80853842@N00/660169919,flickr,"Jean cloth, texture, 2",RichTatum,by,2.0,38867bcf-ca3f-41e4-a94b-c0ce5c36e4c0,
b1_0084_d-cor-de-la-chambre-d-alep-mus-e-d-art-i.jpg,1,accepted,,https://live.staticflickr.com/5520/11586956223_6305bc5df2_b.jpg,https://www.flickr.com/photos/72746018@N00/11586956223,flickr,"Décor de la Chambre d’Alep (Musée d'art islamique, Berlin)",dalbera,by,2.0,5d616fbf-fa36-4c8f-8840-15c4779c36e5,
,1,rejected,blocklist:cat,https://live.staticflickr.com/5594/14719084734_bcd798eb8d_b.jpg,https://www.flickr.com/photos/97123293@N07/14719084734,flickr,"Iris, die schwert lilie. La plante et ses applications ornementales by Grasset, M. E. Illustration by Maurice Pillard Verneuil (1896)",Swallowtail Garden Seeds,pdm,1.0,9fb8555a-2d02-4b36-bf2b-acba7e043b45,
b1_0085_sock-monkey-printed-felt.jpg,1,accepted,,https://live.staticflickr.com/8522/8608839664_bf86b98a08_b.jpg,https://www.flickr.com/photos/73269789@N00/8608839664,flickr,sock monkey printed felt,♕ Lilla Coelho,by,2.0,90151528-04df-48c2-8617-3f4543bb2b02,manual_user_selection
b1_0086_le-pavillon-de-l-azerba-djan-55-me-bienn.jpg,1,rejected,manual-review:not-product-pattern-focused,https://live.staticflickr.com/7310/10185595186_46c1882c12_b.jpg,https://www.flickr.com/photos/72746018@N00/10185595186,flickr,Le pavillon de l'Azerbaïdjan (55ème Biennale de Venise),dalbera,by,2.0,8449c4ed-c3c3-477e-8b75-729e50d09d26,
b1_0087_origamibutterfly-0089.jpg,1,accepted,,https://live.staticflickr.com/2492/3975947572_cb808a72a2_b.jpg,https://www.flickr.com/photos/33409576@N08/3975947572,flickr,origamibutterfly_0089,jonathanmccabe,by,2.0,fc2acc87-b7c8-4008-9a61-216b1243a939,manual_user_selection
b1_0088_vintage-woodblock-print-of-japanese-text.jpg,1,accepted,,https://live.staticflickr.com/1732/28008233747_348f0d3396_b.jpg,https://www.flickr.com/photos/153584064@N07/28008233747,flickr,Vintage woodblock print of Japanese textile from Shima-Shima (1904) by Furuya Korin. Digitally enhanced from our own original edition.,Free Public Domain Illustrations by rawpixel,by,2.0,1be323be-0b2c-4eeb-b9d2-aa5dcdebbe0d,
,1,rejected,blocklist:cat,https://live.staticflickr.com/3102/3142025904_1b26683f4d_b.jpg,https://www.flickr.com/photos/46523298@N00/3142025904,flickr,Alhambra Tiles 10,roberto_venturini,by,2.0,896d66ca-c063-4fd5-b543-6489b432a3ff,
b1_0089_daisy-lacma-m-2003-6-1.jpg,1,accepted,,https://live.staticflickr.com/7355/16377761396_03cf56b689_b.jpg,https://www.flickr.com/photos/50398299@N08/16377761396,flickr,Daisy LACMA M.2003.6.1,Fæ,by,2.0,dcececfa-d31d-4339-8cf8-8556e683060a,manual_user_selection
,1,rejected,blocklist:landscape,https://live.staticflickr.com/1419/660166683_04cd71d925_b.jpg,https://www.flickr.com/photos/80853842@N00/660166683,flickr,"Jean cloth, texture",RichTatum,by,2.0,5e051a0e-0566-44cc-882a-86337e48440c,
,1,rejected,blocklist:cat,https://live.staticflickr.com/4114/4864559180_5bc3f13d31_b.jpg,https://www.flickr.com/photos/9822107@N08/4864559180,flickr,Fabric with Cheetah Spot Print,shaire productions,by,2.0,b930e79c-4539-468a-8268-2006f13a0495,
b1_0090_yarn-2.jpg,1,rejected,manual-review:not-product-pattern-focused,https://live.staticflickr.com/5585/15041955095_44d112d08b_b.jpg,https://www.flickr.com/photos/50908446@N04/15041955095,flickr,yarn_2,Studio Paars,by,2.0,e3def041-43a2-4683-8464-bdda8dfe3828,
,1,rejected,blocklist:cat,https://live.staticflickr.com/4900/45712442302_925cca4f08_b.jpg,https://www.flickr.com/photos/153584064@N07/45712442302,flickr,Jasmine by William Morris (1834-1896). Original from The MET Museum. Digitally enhanced by rawpixel.,Free Public Domain Illustrations by rawpixel,by,2.0,a9cc0cd1-a83e-4f8e-9ae1-28cd1b2519e7,
,1,rejected,blocklist:cat,https://live.staticflickr.com/4850/43944987830_c172e53ca9_b.jpg,https://www.flickr.com/photos/153584064@N07/43944987830,flickr,Tulip and Lily by William Morris (1834-1896). Original from The MET Museum. Digitally enhanced by rawpixel.,Free Public Domain Illustrations by rawpixel,by,2.0,191ecf5c-ee68-4d0f-a6da-e705b163d18b,
,1,rejected,blocklist:cat,https://live.staticflickr.com/4877/45037504324_03b822810a_b.jpg,https://www.flickr.com/photos/153584064@N07/45037504324,flickr,Birds by William Morris (1834-1896). Original from The MET Museum. Digitally enhanced by rawpixel.,Free Public Domain Illustrations by rawpixel,by,2.0,1b573e1c-b121-4de8-a245-b0052bc11409,
,1,rejected,blocklist:cat,https://live.staticflickr.com/4875/45712445532_9d28dae74c_b.jpg,https://www.flickr.com/photos/153584064@N07/45712445532,flickr,Jasmine by William Morris (1834-1896). Original from The MET Museum. Digitally enhanced by rawpixel.,Free Public Domain Illustrations by rawpixel,by,2.0,80bdaa6f-8760-4914-991b-1e4285bca734,
,1,rejected,blocklist:cat,https://live.staticflickr.com/4851/43944990310_b3b8c96388_b.jpg,https://www.flickr.com/photos/153584064@N07/43944990310,flickr,Daisy by William Morris (1834-1896). Original from The MET Museum. Digitally enhanced by rawpixel.,Free Public Domain Illustrations by rawpixel,by,2.0,55a2073a-87bf-46c5-aa50-f8a1d6c02fd2,
b1_0091_non-sequitur-vers-o-colorida.jpg,1,accepted,,https://live.staticflickr.com/2717/4133380614_623c8129c3_b.jpg,https://www.flickr.com/photos/42942424@N03/4133380614,flickr,Non Sequitur - Versão Colorida,SONDEL 2010,by,2.0,c9252cc0-07c6-4c50-9ae5-6764713ad65c,manual_user_selection
b1_0092_song4-detail.jpg,1,accepted,,https://live.staticflickr.com/8027/7704414348_2f9c94643b_b.jpg,https://www.flickr.com/photos/61135621@N03/7704414348,flickr,Song4_detail,MTAPhotos,by,2.0,c9d56ff4-e6ef-4985-8fc0-f497a3fd9720,
b1_0093_emboss-dhamadka-kutch.jpg,1,accepted,,https://live.staticflickr.com/3635/3347664501_af8a21d14e.jpg,https://www.flickr.com/photos/43109416@N00/3347664501,flickr,"emboss, dhamadka kutch",nevil zaveri (thank you for 20+M views:),by,2.0,8f813d28-4a5e-475e-ad98-06d086a896a8,
b1_0094_scanner-profile-over-ansel-s-zones.jpg,1,accepted,,https://live.staticflickr.com/2743/4039495321_d675d5c2de_b.jpg,https://www.flickr.com/photos/9194984@N05/4039495321,flickr,Scanner Profile over Ansel's Zones,zoglmannk,by,2.0,7c92cf64-4035-4f2f-ae65-3d60f3959534,manual_user_selection
,1,rejected,blocklist:cat,https://live.staticflickr.com/4853/45201483785_e351d36ce1_b.jpg,https://www.flickr.com/photos/153584064@N07/45201483785,flickr,Jasmine by William Morris (1834-1896). Original from The MET Museum. Digitally enhanced by rawpixel.,Free Public Domain Illustrations by rawpixel,by,2.0,c5a1a0a1-ea3f-4b94-a421-00c6ed5ef237,
b1_0095_inicial-b.jpg,1,accepted,,https://live.staticflickr.com/5463/9238702012_e8d02b30ec_b.jpg,https://www.flickr.com/photos/37667416@N04/9238702012,flickr,Inicial B.,Biblioteca Rector Machado y Nuñez,pdm,1.0,df74616a-dec7-4222-b904-fa2dc7334a45,manual_user_selection
b1_0096_macro-economics.jpg,1,rejected,manual-review:not-product-pattern-focused,https://live.staticflickr.com/4045/4550332185_ddf9a515c8_b.jpg,https://www.flickr.com/photos/12836528@N00/4550332185,flickr,Macro economics,kevin dooley,by,2.0,68932cb6-01ee-4814-b061-794fdc820fdf,
b1_0097_hibiscus-flowers.jpg,1,accepted,,https://live.staticflickr.com/3290/2828461345_b2f2f4f4b0_b.jpg,https://www.flickr.com/photos/9822107@N08/2828461345,flickr,Hibiscus Flowers,shaire productions,by,2.0,f79da7fc-614e-4391-a424-2121d7f48719,manual_user_selection
b1_0098_locksmith-qr-code-to-demo-mobile-website.jpg,1,rejected,manual-review:not-product-pattern-focused,https://live.staticflickr.com/8437/7778490420_b50c940c17_m.jpg,https://www.flickr.com/photos/82877228@N03/7778490420,flickr,locksmith_qr_code_to_demo_mobile_website,Ola Uno Corporation,by,2.0,361c4db0-78d8-446b-ac56-08349dddc5cc,
,1,rejected,blocklist:cat,https://live.staticflickr.com/4809/45712448092_d0118aa70a_b.jpg,https://www.flickr.com/photos/153584064@N07/45712448092,flickr,Birds by William Morris (1834-1896). Original from The MET Museum. Digitally enhanced by rawpixel.,Free Public Domain Illustrations by rawpixel,by,2.0,0dfb1973-e806-4bfd-a801-a44654c2c978,
b1_0099_origami-paper.jpg,1,accepted,,https://live.staticflickr.com/8246/8550051464_c608ef1b8b_b.jpg,https://www.flickr.com/photos/64097751@N00/8550051464,flickr,Origami Paper,Dominic's pics,by,2.0,f5b13600-d92b-432b-bae7-8a45fecef52e,manual_user_selection
b1_0100_print-magazine-c-1955.jpg,1,rejected,manual-review:not-product-pattern-focused,https://live.staticflickr.com/4038/4264916640_66f78402c3_b.jpg,https://www.flickr.com/photos/8790226@N06/4264916640,flickr,Print magazine c. 1955,karen horton,by,2.0,8f3de5c1-2928-42bf-8990-34bb0f5cab3f,
b1_0101_pattern-of-red-roses.jpg,1,accepted,,https://live.staticflickr.com/2619/3971662839_5cb2963b20_b.jpg,https://www.flickr.com/photos/9822107@N08/3971662839,flickr,Pattern of Red Roses,shaire productions,by,2.0,782d6894-91c0-47cc-a350-641d04395f99,
,1,rejected,blocklist:bedroom,https://live.staticflickr.com/7163/6602352125_7ebcf3005c_m.jpg,https://www.flickr.com/photos/63388323@N04/6602352125,flickr,BEDROOM,requintedecor,by,2.0,b4f59eb6-1bd3-4d28-bd71-ed386fd7ed21,
,1,rejected,blocklist:bedroom,https://live.staticflickr.com/7416/14009269620_cdc9935eb6.jpg,https://www.flickr.com/photos/101592688@N07/14009269620,flickr,Shabby & Chic Daybed,YourCastlesDecor,by,2.0,b97109bb-b2ca-48b5-960c-97ed085db8fe,
b1_0102_flowers.jpg,1,rejected,manual-review:not-product-pattern-focused,https://live.staticflickr.com/2056/2500448158_cec7047d11_b.jpg,https://www.flickr.com/photos/13910409@N05/2500448158,flickr,Flowers / 花(はな),TANAKA Juuyoh (田中十洋),by,2.0,3e602c5f-161f-4ff4-be76-84146a5cd7e4,
,1,rejected,blocklist:bedroom,https://live.staticflickr.com/7140/7057398653_8523184da3_b.jpg,https://www.flickr.com/photos/95286689@N00/7057398653,flickr,patterned after,michale,by,2.0,773234fb-3cee-4801-b8a2-2991f1dc7a40,
b1_0103_cabbage-flower-bed.jpg,1,accepted,,https://live.staticflickr.com/137/393035002_65b9b4c467_b.jpg,https://www.flickr.com/photos/95142644@N00/393035002,flickr,Cabbage flower bed,Ruth and Dave,by,2.0,63bcd2a2-7fd4-4fd4-a92f-02ee38c392c2,manual_user_selection
b1_0104_tulipa.jpg,1,rejected,manual-review:not-product-pattern-focused,https://live.staticflickr.com/3409/3278641388_f68e8400df_b.jpg,https://www.flickr.com/photos/13910409@N05/3278641388,flickr,Tulipa / チューリップ / 鬱金香(うこんこう),TANAKA Juuyoh (田中十洋),by,2.0,109c83a6-5591-41ef-9524-1f6e953de38c,
,1,rejected,blocklist:bedroom,https://live.staticflickr.com/4069/4706426409_6671f175ea_b.jpg,https://www.flickr.com/photos/17293359@N07/4706426409,flickr,Crewel fabric,ingermaaike2,by,2.0,75471482-cc0c-42bb-b102-6a33e4e25ac8,
,1,rejected,blocklist:landscape,https://live.staticflickr.com/7021/6803888467_e40b32fa10_b.jpg,https://www.flickr.com/photos/35387910@N04/6803888467,flickr,hugelkultur year 2,eggrole,by,2.0,9b75ee66-f212-42b1-9d29-746ae0b4d100,
b1_0105_flower-bed.jpg,1,accepted,,https://live.staticflickr.com/3848/15055097698_08317c789a_b.jpg,https://www.flickr.com/photos/87007001@N04/15055097698,flickr,Flower Bed,O.S. Fisher,by,2.0,9885ae9f-aa01-4426-aa60-58ede2820c85,manual_user_selection
,1,rejected,blocklist:bedroom,https://live.staticflickr.com/3467/3395454284_b7ca9e3a02.jpg,https://www.flickr.com/photos/27327838@N08/3395454284,flickr,"My home, Växjö march 2009",Johanna.B,by,2.0,fa417657-f230-4609-a449-453804d006b7,
b1_0106_indian-orchid-australian-hoya.jpg,1,rejected,manual-review:not-product-pattern-focused,https://live.staticflickr.com/5490/9882637303_49b33521f6_b.jpg,https://www.flickr.com/photos/29080895@N07/9882637303,flickr,"Indian orchid, Australian hoya",maxful,by,2.0,ade1d6f0-0013-457f-87ac-c5ff8ea0182d,
b1_0107_white-flowers.jpg,1,rejected,manual-review:not-product-pattern-focused,https://live.staticflickr.com/3520/3971662095_c228a3d165_b.jpg,https://www.flickr.com/photos/9822107@N08/3971662095,flickr,White Flowers,shaire productions,by,2.0,18bd91ee-6c15-44e0-8c9f-1d33e4c8d585,
b1_0108_blue-danube-blue-hawaii-ageratum-houston.jpg,1,rejected,manual-review:not-product-pattern-focused,https://live.staticflickr.com/2355/2734542033_a4609e9c1d_b.jpg,https://www.flickr.com/photos/13910409@N05/2734542033,flickr,Blue Danube / Blue Hawaii / Ageratum houstonianum / カッコウアザミ / アゲラタム,TANAKA Juuyoh (田中十洋),by,2.0,a7e76502-5738-4b18-a07a-d14f9e01c3d6,
,1,rejected,blocklist:people,https://live.staticflickr.com/6054/6367545349_52f4088a28_b.jpg,https://www.flickr.com/photos/61997808@N00/6367545349,flickr,IN THE MORNING,RubyGoes,by,2.0,5a9499ed-1989-43d0-a86b-8225b3208094,
,1,rejected,blocklist:people,https://live.staticflickr.com/2149/2499815982_37ec568038_b.jpg,https://www.flickr.com/photos/26782864@N00/2499815982,flickr,Pansies,wwarby,by,2.0,a8cb8cc9-243f-4db7-84ee-ebf32e7f8cf1,
b1_0109_how-to-be-here-now.jpg,1,accepted,,https://live.staticflickr.com/8457/8028133221_ccd674b727_b.jpg,https://www.flickr.com/photos/94348950@N00/8028133221,flickr,How to be here now,jessica mullen,by,2.0,b102d84e-0fe3-457e-8156-15f0ded019c2,manual_user_selection
b1_0110_flower-bed-peak-district-dailyshoot.jpg,1,rejected,manual-review:not-product-pattern-focused,https://live.staticflickr.com/8534/8680256749_c370018894_b.jpg,https://www.flickr.com/photos/46018453@N06/8680256749,flickr,Flower Bed Peak District #dailyshoot,Leshaines123,by,2.0,1c96dd4e-f2e3-461b-bd2d-954b6efea818,
b1_0111_bed-hanging-with-pegasus-and-the-nine-mu.jpg,1,accepted,,https://live.staticflickr.com/8677/16212809277_ab8f75b1e7_b.jpg,https://www.flickr.com/photos/50398299@N08/16212809277,flickr,Bed Hanging with Pegasus and the Nine Muses LACMA AC1998.248.1 (1 of 12),Fæ,by,2.0,66178273-fb41-4224-8b05-8171c6739c96,
b1_0112_197.jpg,1,accepted,,https://live.staticflickr.com/7197/6874649475_a11d6554d4_b.jpg,https://www.flickr.com/photos/9438227@N06/6874649475,flickr,197,>littleyiye<,by,2.0,911fe309-d8c2-4284-8db5-453e7b3f5423,manual_user_selection
b1_0113_bed-of-purple.jpg,1,accepted,,https://live.staticflickr.com/3540/3382158416_9e96e48681_b.jpg,https://www.flickr.com/photos/40765798@N00/3382158416,flickr,Bed of purple,sabianmaggy,by,2.0,3a8c2f89-8fcc-41eb-a50c-1c84695082e4,manual_user_selection
b1_0114_wla-vanda-quilted-bedcover-coromandel-co.jpg,1,accepted,,https://upload.wikimedia.org/wikipedia/commons/1/1c/WLA_vanda_Quilted_bedcover_Coromandel_Coast_for_the_Western_market.jpg,https://commons.wikimedia.org/w/index.php?curid=8444853,wikimedia,WLA vanda Quilted bedcover Coromandel Coast for the Western market,Wikipedia Loves Art participant 'va_va_val',by-sa,2.5,65d7b005-5e0c-47f7-903b-f0bbeaede68a,
b1_0115_a-wild-flower-bed.jpg,1,accepted,,https://live.staticflickr.com/3897/15050922860_658331e11c_m.jpg,https://www.flickr.com/photos/92128999@N07/15050922860,flickr,A Wild Flower Bed,sheilacraan,by,2.0,1e09d274-64ae-4a95-bfa1-87b0848cde6f,manual_user_selection
b1_0116_baby-tiger-in-a-flower-bed.jpg,1,accepted,,https://live.staticflickr.com/7668/17257739616_c1291dea44.jpg,https://www.flickr.com/photos/11406748@N00/17257739616,flickr,Baby tiger in a flower bed 🌸🐯,gina pina,by,2.0,37604fcb-8162-4fba-b2ba-b19fc5b0b169,manual_user_selection
b1_0117_watermelon-coleus-solenostemon-scutellar.jpg,1,rejected,manual-review:not-product-pattern-focused,https://live.staticflickr.com/8312/7891273978_82d6b5a003_b.jpg,https://www.flickr.com/photos/72744295@N00/7891273978,flickr,Watermelon Coleus (Solenostemon scutellarioides),"Jim, the Photographer",by,2.0,07eca7e6-6905-4ba0-8bde-c3a45c7fb912,
,1,rejected,no-positive-keyword-match,https://upload.wikimedia.org/wikipedia/commons/8/87/Portable_solar_panel2.jpg,https://commons.wikimedia.org/w/index.php?curid=136079806,wikimedia,Portable solar panel2,FlorianRost,by-sa,4.0,0f9da7a7-30c2-483f-9ba6-ed40df3b6da4,
,1,rejected,no-positive-keyword-match,https://upload.wikimedia.org/wikipedia/commons/9/91/Silver_jar_with_high_relief_-_Zapurza%2C_Pune.jpg,https://commons.wikimedia.org/w/index.php?curid=123361215,wikimedia,"Silver jar with high relief - Zapurza, Pune",DesiBoy101,by,3.0,b2b5bdc0-81fd-4b5a-8733-972241834832,
,1,rejected,blocklist:bedroom,https://live.staticflickr.com/65535/54298592420_7967fe3ef0_b.jpg,https://www.flickr.com/photos/194424926@N05/54298592420,flickr,DSC_8578: a bed room with a neatly made bed and a chandelier,PattayaPatrol,by-sa,2.0,1d6fa31f-7599-42e7-b619-bf942bf76b5f,
,1,rejected,not-a-valid-jpg-png,https://images.rawpixel.com/editor_1024/cHJpdmF0ZS9sci9pbWFnZXMvd2Vic2l0ZS8yMDIyLTEyL2FpYzcxNjUwLWltYWdlLmpwZw.jpg,https://www.rawpixel.com/image/9038269/valance-for-bed,rawpixel,Valance (For a Bed),artinstitutechicago,cc0,1.0,6b5cbd53-26be-47fc-a784-68108bbe686f,
,1,rejected,not-a-valid-jpg-png,https://images.rawpixel.com/editor_1024/cHJpdmF0ZS9sci9pbWFnZXMvd2Vic2l0ZS8yMDIyLTEyL2FpYzE3OTQ1OS1pbWFnZS5qcGc.jpg,https://www.rawpixel.com/image/9026481/panel-for-bed-curtain,rawpixel,Panel (For a Bed Curtain),artinstitutechicago,cc0,1.0,eeb3ec7a-6418-4fe6-9232-f4eba32aa1db,
,1,rejected,not-a-valid-jpg-png,https://images.rawpixel.com/editor_1024/cHJpdmF0ZS9sci9pbWFnZXMvd2Vic2l0ZS8yMDIyLTEyL2FpYzIyNTQxLWltYWdlLmpwZw.jpg,https://www.rawpixel.com/image/9006557/pendents-for-bed-curtains-manchu,rawpixel,Pendents (For Bed Curtains) Manchu,artinstitutechicago,cc0,1.0,c44dbb50-f6ff-4a4b-bd0b-fb117a2d2275,
,1,rejected,not-a-valid-jpg-png,https://images.rawpixel.com/editor_1024/cHJpdmF0ZS9sci9pbWFnZXMvd2Vic2l0ZS8yMDIyLTEyL2FpYzE3OTIyOS1pbWFnZS5qcGc.jpg,https://www.rawpixel.com/image/9004671/bed-curtain-hannah-hinman-twitchell-pierce,rawpixel,Bed Curtain Hannah Hinman Twitchell,artinstitutechicago,cc0,1.0,a7abd114-9085-429f-9701-16c43012d186,
,1,rejected,not-a-valid-jpg-png,https://images.rawpixel.com/editor_1024/cHJpdmF0ZS9sci9pbWFnZXMvd2Vic2l0ZS8yMDIyLTEyL2FpYzcxNjQ1LWltYWdlLmpwZw.jpg,https://www.rawpixel.com/image/9006848/fragment-for-bed-curtain,rawpixel,Fragment (For a Bed Curtain),artinstitutechicago,cc0,1.0,a7871e12-6a20-4f92-99a5-738179d17ccc,
,1,rejected,not-a-valid-jpg-png,https://images.rawpixel.com/editor_1024/cHJpdmF0ZS9sci9pbWFnZXMvd2Vic2l0ZS8yMDIyLTEyL2FpYzcxNjQzLWltYWdlLmpwZw.jpg,https://www.rawpixel.com/image/9004920/fragment-for-bed-curtain,rawpixel,Fragment (For a Bed Curtain),artinstitutechicago,cc0,1.0,3a1ce9d1-2503-4a6c-90d1-acb73a57e5d9,
,1,rejected,not-a-valid-jpg-png,https://images.rawpixel.com/editor_1024/cHJpdmF0ZS9sci9pbWFnZXMvd2Vic2l0ZS8yMDIyLTEyL2FpYzcxNjU0LWltYWdlLmpwZw.jpg,https://www.rawpixel.com/image/9025492/panel-half-bed-curtain,rawpixel,Panel (Half Bed Curtain),artinstitutechicago,cc0,1.0,ffeb5acb-69d7-430c-8c39-5e1cc556021e,
,1,rejected,not-a-valid-jpg-png,https://images.rawpixel.com/editor_1024/cHJpdmF0ZS9sci9pbWFnZXMvd2Vic2l0ZS8yMDIyLTEyL2FpYzE1NTg1Mi1pbWFnZS5qcGc.jpg,https://www.rawpixel.com/image/9007726/panel-from-bed-tent,rawpixel,Panel (From a Bed Tent),artinstitutechicago,cc0,1.0,5f384614-d02c-42b9-849e-4c1a73d2f96e,
,1,rejected,not-a-valid-jpg-png,https://images.rawpixel.com/editor_1024/cHJpdmF0ZS9sci9pbWFnZXMvd2Vic2l0ZS8yMDIyLTEyL2FpYzEzMzYzMy1pbWFnZS5qcGc.jpg,https://www.rawpixel.com/image/9019185/panel-dress-fabric,rawpixel,Panel (Dress Fabric),artinstitutechicago,cc0,1.0,b9c30c8f-b8a7-4664-a324-528788df8921,
,1,rejected,not-a-valid-jpg-png,https://images.rawpixel.com/editor_1024/cHJpdmF0ZS9sci9pbWFnZXMvd2Vic2l0ZS8yMDIyLTA3L21pYTY3NjAxLWltYWdlLmpwZw.jpg,https://www.rawpixel.com/image/7466675/image-pattern-design-public-domain,rawpixel,white linen embroidered red silk;,,cc0,1.0,937a4896-37dc-4760-ab7f-569ba4f5c52e,
,1,rejected,not-a-valid-jpg-png,https://images.rawpixel.com/editor_1024/cHJpdmF0ZS9sci9pbWFnZXMvd2Vic2l0ZS8yMDI0LTAxL2xyL3JpamtzYmstMTk2Ni0yMC1pbWFnZS5qcGc.jpg,https://www.rawpixel.com/image/13747230/bed-cover-c-1700-1720-anonymous,rawpixel,Bed Cover (c. 1700 -,rijksmuseum,cc0,1.0,ce5c9f47-8f06-471a-a0ea-278cf1427f26,
,1,rejected,not-a-valid-jpg-png,https://images.rawpixel.com/editor_1024/cHJpdmF0ZS9sci9pbWFnZXMvd2Vic2l0ZS8yMDIyLTEyL2FpYzUwNDYtaW1hZ2UuanBn.jpg,https://www.rawpixel.com/image/9018644/bed-curtain,rawpixel,Bed Curtain,artinstitutechicago,cc0,1.0,f5152f0e-121e-4c03-a1a5-53b75dc4b098,
,1,rejected,not-a-valid-jpg-png,https://images.rawpixel.com/editor_1024/cHJpdmF0ZS9sci9pbWFnZXMvd2Vic2l0ZS8yMDIyLTEyL2FpYzEzNjk5MS1pbWFnZS5qcGc.jpg,https://www.rawpixel.com/image/9034228/bed-curtain-hannah-hinman-twitchell-pierce,rawpixel,Bed Curtain Hannah Hinman Twitchell,artinstitutechicago,cc0,1.0,f97dc0c0-0e52-40e5-b71c-fa446eaafd8d,
,1,rejected,not-a-valid-jpg-png,https://images.rawpixel.com/editor_1024/cHJpdmF0ZS9sci9pbWFnZXMvd2Vic2l0ZS8yMDIyLTEyL2FpYzcxNjU4LWltYWdlLmpwZw.jpg,https://www.rawpixel.com/image/9027005/bed-curtain,rawpixel,Bed Curtain,artinstitutechicago,cc0,1.0,38906c3a-a9f2-4cff-87a9-0d134a0b8bec,
,1,rejected,blocklist:interior design,https://images.rawpixel.com/editor_1024/cHJpdmF0ZS9sci9pbWFnZXMvd2Vic2l0ZS8yMDIyLTEyL2FpYzcxNjUyLWltYWdlLmpwZw.jpg,https://www.rawpixel.com/image/9044355/panel-for-bed-curtain,rawpixel,Panel (For a Bed Curtain),artinstitutechicago,cc0,1.0,1c0359b8-21ef-4e58-8313-ccc9023e6ca1,
,1,rejected,not-a-valid-jpg-png,https://images.rawpixel.com/editor_1024/cHJpdmF0ZS9sci9pbWFnZXMvd2Vic2l0ZS8yMDIyLTEyL2FpYzg2NDI3LWltYWdlLmpwZw.jpg,https://www.rawpixel.com/image/9034769/panel,rawpixel,Panel,artinstitutechicago,cc0,1.0,3a0a2076-0168-42a1-9eb9-1214fe2a601b,
,1,rejected,not-a-valid-jpg-png,https://images.rawpixel.com/editor_1024/cHJpdmF0ZS9sci9pbWFnZXMvd2Vic2l0ZS8yMDIyLTEyL2FpYzY1NDUyLWltYWdlLmpwZw.jpg,https://www.rawpixel.com/image/9006049/cover-hanging,rawpixel,Cover or Hanging,artinstitutechicago,cc0,1.0,1655cbde-ffd2-42d9-8f77-027210594757,
,1,rejected,not-a-valid-jpg-png,https://images.rawpixel.com/editor_1024/cHJpdmF0ZS9sci9pbWFnZXMvd2Vic2l0ZS8yMDIyLTEyL2FpYzY1MjA4LWltYWdlLmpwZw.jpg,https://www.rawpixel.com/image/9025499/cover,rawpixel,Cover,artinstitutechicago,cc0,1.0,a4343cf0-eff4-4455-92d8-56aa933657ff,
,1,rejected,not-a-valid-jpg-png,https://images.rawpixel.com/editor_1024/cHJpdmF0ZS9sci9pbWFnZXMvd2Vic2l0ZS8yMDIyLTEwL2JlZF9jdXJ0YWluXzE5NDMuOC4xMDExLmpwZw.jpg,https://www.rawpixel.com/image/7728044/image-flowers-art-floral-pattern,rawpixel,Bed Curtain (c. 1941) Alice,nationalgalleryofart,cc0,1.0,a40fa046-b1d1-41f7-8ed3-65287a8596e9,
,1,rejected,not-a-valid-jpg-png,https://images.rawpixel.com/editor_1024/cHJpdmF0ZS9sci9pbWFnZXMvd2Vic2l0ZS8yMDIzLTA4L2xhY21hMTcwMDUxLWltYWdlLmpwZw.jpg,https://www.rawpixel.com/image/12018158/quilt-variation-new-york-beauty,rawpixel,"Quilt, Variation 'New York Beauty'",lacma,cc0,1.0,1926d93e-1945-43bb-85b3-f1dc2e8d61b5,
,1,rejected,not-a-valid-jpg-png,https://images.rawpixel.com/editor_1024/cHJpdmF0ZS9sci9pbWFnZXMvd2Vic2l0ZS8yMDIyLTA4LzYzNDcxLmpwZw.jpg,https://www.rawpixel.com/image/7651179/image-flower-vintage-art,rawpixel,Bed Curtain (ca. 1740) textile,,cc0,1.0,ef695ce4-69ae-4e1e-bef6-8f9466af6f9a,
,1,rejected,not-a-valid-jpg-png,https://images.rawpixel.com/editor_1024/cHJpdmF0ZS9sci9pbWFnZXMvd2Vic2l0ZS8yMDIzLTA0L25nYTEyNjExLWltYWdlLmpwZw.jpg,https://www.rawpixel.com/image/10068177/quilt-bed-covering-c-1936-francis-law-durand,rawpixel,Quilt (Bed Covering) (c. 1936),nationalgalleryofart,cc0,1.0,520b6e8a-6c56-4e6d-b784-220febdf1224,
,1,rejected,not-a-valid-jpg-png,https://images.rawpixel.com/editor_1024/cHJpdmF0ZS9sci9pbWFnZXMvd2Vic2l0ZS8yMDIzLTA0L25nYTEyNjA3LWltYWdlLmpwZw.jpg,https://www.rawpixel.com/image/10075332/infants-quilt-bed-covering-c-1937-francis-law-durand,rawpixel,Infant's Quilt (Bed Covering) (c,nationalgalleryofart,cc0,1.0,d155d930-893c-4e85-a642-ebe315d11e78,
,1,rejected,not-a-valid-jpg-png,https://images.rawpixel.com/editor_1024/cHJpdmF0ZS9sci9pbWFnZXMvd2Vic2l0ZS8yMDIzLTExL2xyL21ldDE5ODgyMS1pbWFnZS5qcGc.jpg,https://www.rawpixel.com/image/12851867/panel-with-grotesques-from-set-bed-hangings,rawpixel,"Panel grotesques, set bed hangings",themet,cc0,1.0,52157218-b4fe-4388-8122-d08db57f0919,
,1,rejected,not-a-valid-jpg-png,https://images.rawpixel.com/editor_1024/cHJpdmF0ZS9sci9pbWFnZXMvd2Vic2l0ZS8yMDIyLTEyL2FpYzE5MzU3Mi1pbWFnZS5qcGc.jpg,https://www.rawpixel.com/image/9025305/bed-curtain,rawpixel,Bed Curtain,artinstitutechicago,cc0,1.0,7451418e-76a6-4574-81a4-ffc888f1145e,
,1,rejected,blocklist:animal,https://images.rawpixel.com/editor_1024/cHJpdmF0ZS9sci9pbWFnZXMvd2Vic2l0ZS8yMDIyLTEyL2FpYzEzOTkyMC1pbWFnZS5qcGc.jpg,https://www.rawpixel.com/image/9004018/hanging-portiere-panel-for-bed-gobelins-factory,rawpixel,Hanging Portière Panel Bed Gobelins,artinstitutechicago,cc0,1.0,559e81bd-84f1-4b4f-a817-8ae72eafc35e,
,1,rejected,not-a-valid-jpg-png,https://images.rawpixel.com/editor_1024/cHJpdmF0ZS9sci9pbWFnZXMvd2Vic2l0ZS8yMDIzLTA0L25nYTEyNjEyLWltYWdlLmpwZw.jpg,https://www.rawpixel.com/image/10068172/quilt-bed-coverlet-c-1936-francis-law-durand,rawpixel,Quilt (Bed Coverlet) (c. 1936),nationalgalleryofart,cc0,1.0,d21a527b-c47f-4030-8396-54fc1d9d0d5c,
,1,rejected,not-a-valid-jpg-png,https://images.rawpixel.com/editor_1024/cHJpdmF0ZS9sci9pbWFnZXMvd2Vic2l0ZS8yMDIyLTEyL2FpYzIzODM5Ni1pbWFnZS5qcGc.jpg,https://www.rawpixel.com/image/9036808/curtain-for-bed-set,rawpixel,Curtain for Bed Set,artinstitutechicago,cc0,1.0,39851d79-b175-44e2-8df6-cf6953834a4d,
b1_0144_needlework-bed-hanging-in-the-bizarre-st.jpg,1,accepted,,https://openaccess-cdn.clevelandart.org/2006.2.2/2006.2.2_web.jpg,https://clevelandart.org/art/2006.2.2,clevelandmuseum,Needlework Bed Hanging in the Bizarre style (right half),,cc0,1.0,bbb7f479-1dc0-45b4-ad4d-231f09df1911,
b1_0253_needlework-bed-hanging-in-the-bizarre-st.jpg,1,accepted,,https://openaccess-cdn.clevelandart.org/2006.2.1/2006.2.1_web.jpg,https://clevelandart.org/art/2006.2.1,clevelandmuseum,Needlework Bed Hanging in the Bizarre style (left half),,cc0,1.0,08268e83-42ed-40c0-bc97-bf99b60f0d2e,
,1,rejected,no-positive-keyword-match,https://ids.si.edu/ids/deliveryService?id=CHSDM-698A38B7BBFC2-000001,https://collection.cooperhewitt.org/view/objects/asitem/id/33956,smithsonian_cooper_hewitt_museum,Lit à la Chinoise,"Pierre Ranson, French, 1736–1786",cc0,1.0,5159261c-9500-43f9-b644-c5b1fa90b3fa,
,1,rejected,no-positive-keyword-match,https://upload.wikimedia.org/wikipedia/commons/c/c7/Medieval_floor_tile_fragment_%28FindID_429848%29.jpg,https://commons.wikimedia.org/w/index.php?curid=55696266,wikimedia,<div class='fn'> Medieval floor tile fragment</div>,"Birmingham Museum and Art Gallery, Richard Henry, 2012-11-07 10:37:51",by-sa,2.0,25db9483-8756-43c0-8258-6b0b304b0f84,
,1,rejected,no-positive-keyword-match,https://upload.wikimedia.org/wikipedia/commons/d/dd/Russia%2C_Krasnojarsk%2C_Norilsk%2C_%D0%9D%D0%BE%D1%80%D0%B8%D0%BB%D1%8C%D1%81%D0%BA%2C_%D0%A2%D0%B0%D0%BB%D0%BD%D0%B0%D1%85%D1%81%D0%BA%D0%B0%D1%8F_%D1%83%D0%BB.%2C_39%D0%B0_-_%D0%93%D0%BE%D1%81%D1%82%D0%B8%D0%BD%D0%B8%D1%86%D0%B0_%C2%AB%D0%9D%D0%BE%D1%80%D0%B8%D0%BB%D1%8C%D1%81%D0%BA%C2%BB_WMID4952424.jpg,https://commons.wikimedia.org/w/index.php?curid=181891271,wikimedia,"Russia, Krasnojarsk, Norilsk, Норильск, Талнахская ул., 39а - Гостиница «Норильск» WMID4952424",Bentley Bentley,by-sa,3.0,1ab02757-1adc-4a5d-8329-f25d1c0f31ec,
b1_0254_div-class-fn-quilt-div.jpg,1,accepted,,https://upload.wikimedia.org/wikipedia/commons/8/88/Quilt_%28AM_1999.73.1-16%29.jpg,https://commons.wikimedia.org/w/index.php?curid=83461181,wikimedia,<div class='fn'> Quilt</div>,Unknown authorUnknown author,by,4.0,5a0ca83b-6b21-4f05-af39-b7fbe609f71c,
b1_0255_div-class-fn-quilt-div.jpg,1,accepted,,https://upload.wikimedia.org/wikipedia/commons/3/32/Quilt_%28AM_1999.73.1-5%29.jpg,https://commons.wikimedia.org/w/index.php?curid=83461146,wikimedia,<div class='fn'> Quilt</div>,Unknown authorUnknown author,by,4.0,17cbe916-bed3-49e6-bfd0-d4336443d30a,
,1,rejected,no-positive-keyword-match,https://ids.si.edu/ids/deliveryService?id=CHSDM-3B60D3226BA42-000001,https://collection.cooperhewitt.org/view/objects/asitem/id/33896,smithsonian_cooper_hewitt_museum,Lit à la Romaine,"Pierre Ranson, French, 1736–1786",cc0,1.0,75ab101e-ab2c-43f5-9674-ba6b3dea66f7,
,1,rejected,download-error:HTTP Error 429: Too many requests (f061ab2),https://upload.wikimedia.org/wikipedia/commons/f/f7/Quilt_%28AM_1999.73.1-12%29.jpg,https://commons.wikimedia.org/w/index.php?curid=83461171,wikimedia,<div class='fn'> Quilt</div>,Unknown authorUnknown author,by,4.0,5c098571-bf4a-4875-bd1f-83f6ab456f3e,
,1,rejected,blocklist:sculpture,https://ids.si.edu/ids/deliveryService?id=CHSDM-3E720F4041D22-000001,https://collection.cooperhewitt.org/view/objects/asitem/id/31641,smithsonian_cooper_hewitt_museum,Lit à trois Dossiers Orné de Sculptures et totalement fini,"Richard de Lalonde, French, active 1780–96",cc0,1.0,7d5b352c-7179-4636-87ae-2df104d4068d,
,1,rejected,no-positive-keyword-match,https://ids.si.edu/ids/deliveryService?id=CHSDM-8F265AC1E8622-000001,https://collection.cooperhewitt.org/view/objects/asitem/id/33919,smithsonian_cooper_hewitt_museum,Lit en dome retrousse a la romaine vu de face.,"Pierre Ranson, French, 1736–1786",cc0,1.0,99863f5b-ac5e-44ed-9b1f-e1f36cddf2df,
,1,rejected,download-error:HTTP Error 429: Too many requests (f061ab2),https://upload.wikimedia.org/wikipedia/commons/3/3b/Quilt_%28AM_1999.73.1-2%29.jpg,https://commons.wikimedia.org/w/index.php?curid=83461139,wikimedia,<div class='fn'> Quilt</div>,Unknown authorUnknown author,by,4.0,db8d8a1b-2149-4f59-aa03-ed85acf55ca1,
,1,rejected,no-positive-keyword-match,https://ids.si.edu/ids/deliveryService?id=CHSDM-9810E480490A2-000001,https://collection.cooperhewitt.org/view/objects/asitem/id/33895,smithsonian_cooper_hewitt_museum,Lit à la Romaine,"Pierre Ranson, French, 1736–1786",cc0,1.0,d206bb3a-3821-4b57-b310-9ce28ac6dd36,
,1,rejected,no-positive-keyword-match,https://amdata.adlibhosting.com/api/wwwopac.ashx?server=images&command=getcontent&value=KA_4649.JPG&width=500&height=500,https://hdl.handle.net/11259/collection.11215,europeana,Rok,,cc0,1.0,bbc2b580-2381-4fca-ba70-5b45dff39a39,
,1,rejected,download-error:HTTP Error 429: Too many requests (f061ab2),https://upload.wikimedia.org/wikipedia/commons/6/6a/Quilt_%28AM_1999.73.1-15%29.jpg,https://commons.wikimedia.org/w/index.php?curid=83461179,wikimedia,<div class='fn'> Quilt</div>,Unknown authorUnknown author,by,4.0,900e2ba1-c35f-422b-9c38-d344d8947c22,
,1,rejected,download-error:HTTP Error 429: Too many requests (f061ab2),https://upload.wikimedia.org/wikipedia/commons/1/14/Quilt_%28AM_1999.73.1-11%29.jpg,https://commons.wikimedia.org/w/index.php?curid=83461167,wikimedia,<div class='fn'> Quilt</div>,Unknown authorUnknown author,by,4.0,5810cc7d-57ac-4efc-81e2-029fa7c8516d,
,1,rejected,download-error:HTTP Error 429: Too many requests (f061ab2),https://upload.wikimedia.org/wikipedia/commons/9/99/Quilt_%28AM_1999.73.1-17%29.jpg,https://commons.wikimedia.org/w/index.php?curid=83461186,wikimedia,<div class='fn'> Quilt</div>,Unknown authorUnknown author,by,4.0,97be3f35-38fa-4548-a89f-d54d4c56cf4d,
,1,rejected,blocklist:beef,https://upload.wikimedia.org/wikipedia/commons/8/80/DFC_2218_Grilled_slices_of_juicy_beef_served_with_fresh_cilantro_pickled_vegetables_and_a_savory_dipping_sauce.jpg,https://commons.wikimedia.org/w/index.php?curid=190205922,wikimedia,DFC 2218 Grilled slices of juicy beef served with fresh cilantro pickled vegetables and a savory dipping sauce,PattayaPatrol,by-sa,4.0,6b68b669-7816-4896-a730-6da50bfc551f,
,1,rejected,blocklist:living room,https://ids.si.edu/ids/deliveryService?id=CHSDM-CHP6034,https://collection.cooperhewitt.org/view/objects/asitem/id/229955,smithsonian_cooper_hewitt_museum,Interior of a Man's Living Room,"S. Tolstoi, Russian, active 1850–1899",cc0,1.0,e3a241c5-5e90-4203-bb44-e3976597c0c8,
,1,rejected,no-positive-keyword-match,https://ids.si.edu/ids/deliveryService?id=CHSDM-09B1F18C840F2-000001,https://collection.cooperhewitt.org/view/objects/asitem/id/33949,smithsonian_cooper_hewitt_museum,"Lit à Chaire, à Precher","Pierre Ranson, French, 1736–1786",cc0,1.0,89b4f55f-af69-41c9-9b01-c5a88b93edc0,
b1_0261_webtreats-playful-retro-photoshop-patter.jpg,1,accepted,,https://live.staticflickr.com/5101/5653858804_c58c2151a5_b.jpg,https://www.flickr.com/photos/44071822@N08/5653858804,flickr,Webtreats Playful Retro Photoshop Pattern 3,webtreats,by,2.0,71523efc-8ae9-4c57-9178-23aa1a44dd59,
b1_0262_674-thread-count-seamless-pattern.jpg,1,accepted,,https://live.staticflickr.com/3182/4561595283_1b906d5e3b.jpg,https://www.flickr.com/photos/60057912@N00/4561595283,flickr,674 - Thread Count - Seamless Pattern,Patrick Hoesly,by,2.0,a87bf16b-eee7-44ef-b6dc-714064a70e66,
b1_0263_webtreats-baby-pink-and-blue-photoshop-p.jpg,1,accepted,,https://live.staticflickr.com/4058/4442884045_2126997467_m.jpg,https://www.flickr.com/photos/44071822@N08/4442884045,flickr,Webtreats Baby Pink and Blue Photoshop Patterns 4,webtreats,by,2.0,3c57f977-890e-43e6-91b4-52d4a4f115df,
b1_0264_free-hearts-patterns-twitter-backgrounds.jpg,1,accepted,,https://live.staticflickr.com/3316/4565574596_ce75c69faa.jpg,https://www.flickr.com/photos/10361931@N06/4565574596,flickr,"Free hearts patterns, twitter backgrounds and vector graphics",Horia Varlan,by,2.0,e4741b3d-ffc2-457d-a3c5-a608cfe7148c,
b1_0265_webtreatsetc-abstract-warped-dots-seamle.jpg,1,accepted,,https://live.staticflickr.com/2785/4209587931_19c53160a2_b.jpg,https://www.flickr.com/photos/44071822@N08/4209587931,flickr,Webtreatsetc Abstract Warped Dots Seamless Patterns 1,webtreats,by,2.0,ade52fbc-9629-4ebb-94cd-dc5b247332a7,
,1,rejected,no-positive-keyword-match,https://live.staticflickr.com/2027/5766695047_41863956cc_b.jpg,https://www.flickr.com/photos/60057912@N00/5766695047,flickr,iPhone Wallpaper - Red Cloth Weave,Patrick Hoesly,by,2.0,320b8954-2433-4c14-b0b4-1c36e7a7f3f0,
,1,rejected,no-positive-keyword-match,https://live.staticflickr.com/5147/5557541649_e8bf2acc4d_b.jpg,https://www.flickr.com/photos/42353480@N02/5557541649,flickr,Con-Tac Paper,SportSuburban,by,2.0,55ca7bea-0db7-4f44-adce-914a08627aec,
b1_0266_pattern.jpg,1,accepted,,https://live.staticflickr.com/2667/4215296460_994260cf60.jpg,https://www.flickr.com/photos/32931740@N06/4215296460,flickr,Pattern,Rosaura Ochoa,by,2.0,6bf8185e-2a1d-445e-9ef7-6a8e797853d0,
b1_0267_webtreats-white-washed-blue-and-beige-se.jpg,1,accepted,,https://live.staticflickr.com/5048/5229019820_3e23f637ac_b.jpg,https://www.flickr.com/photos/44071822@N08/5229019820,flickr,Webtreats White Washed Blue And Beige Seamless Grunge Patterns 8,webtreats,by,2.0,aab4a6ea-e010-4d6e-9600-63fcea438476,
b1_0268_2007-movement-textures.jpg,1,accepted,,https://live.staticflickr.com/2663/3940090506_f301f5a857_b.jpg,https://www.flickr.com/photos/33125787@N00/3940090506,flickr,2007 - Movement textures,jenschapter3,by,2.0,809be9d7-20cf-40d7-861c-df60f6629acf,
,1,rejected,no-positive-keyword-match,https://live.staticflickr.com/8470/8132061441_34764a28c0_b.jpg,https://www.flickr.com/photos/86530412@N02/8132061441,flickr,3D Contrarian Investing,ccPixs.com,by,2.0,d2010440-20ab-401c-ab25-394f9a355023,
b1_0269_photoshop-pattern.jpg,1,accepted,,https://live.staticflickr.com/2501/3745081041_4512682287_b.jpg,https://www.flickr.com/photos/96672259@N00/3745081041,flickr,Photoshop pattern,✿ Triin Q,by,2.0,bdb227f7-17c6-4c54-81d2-bf8d85586653,
b1_0270_2007-movement-textures.jpg,1,accepted,,https://live.staticflickr.com/3439/3939314607_9b6b1dbf2a_b.jpg,https://www.flickr.com/photos/33125787@N00/3939314607,flickr,2007 - Movement textures,jenschapter3,by,2.0,1fb32249-66bd-4795-ae8a-6be36552397f,
,1,rejected,no-positive-keyword-match,https://live.staticflickr.com/5188/5658952561_5e44c6ec47_b.jpg,https://www.flickr.com/photos/28541331@N00/5658952561,flickr,MULTIPLIED WORDS,Lauren Manning,by,2.0,b7129f0e-b5af-475a-8720-f8cb3c130e71,
b1_0271_webtreats-seamless-grungy-faded-retro-pa.jpg,1,accepted,,https://live.staticflickr.com/1405/5181181125_ff05b5cdc0.jpg,https://www.flickr.com/photos/44071822@N08/5181181125,flickr,Webtreats Seamless Grungy Faded Retro Patterns 11,webtreats,by,2.0,7d51cfe0-2e3a-4d8d-a9de-e6b5731d992c,
,1,rejected,no-positive-keyword-match,https://live.staticflickr.com/5093/5423854392_f7425d0a67_b.jpg,https://www.flickr.com/photos/60057912@N00/5423854392,flickr,iPhone Background - Juicy Strawberry,Patrick Hoesly,by,2.0,90a7625d-ecdb-4e17-aef4-86b96fe1eb90,
b1_0272_378-red-puzzle-texture.jpg,1,accepted,,https://live.staticflickr.com/4048/4182510691_9bbb305e85.jpg,https://www.flickr.com/photos/60057912@N00/4182510691,flickr,378 - Red Puzzle Texture,Patrick Hoesly,by,2.0,89b05df7-12e7-422f-9577-231b1c5cbe1a,
b1_0273_webtreats-seamless-grungy-teal-texture-3.jpg,1,accepted,,https://live.staticflickr.com/4043/4654464971_3bf077141b_b.jpg,https://www.flickr.com/photos/44071822@N08/4654464971,flickr,Webtreats Seamless Grungy Teal Texture 3,webtreats,by,2.0,cabb0510-1ba1-439e-973e-5f085d1fd076,
b1_0274_pattern.jpg,1,accepted,,https://live.staticflickr.com/3275/2670912673_c8f9fa2561_b.jpg,https://www.flickr.com/photos/9822107@N08/2670912673,flickr,Pattern,shaire productions,by,2.0,7ee8727e-24db-4e3f-a6b6-7adab87a08cc,
b1_0275_webtreats-seamless-retro-grunge-abstract.jpg,1,accepted,,https://live.staticflickr.com/5045/5213654617_438e8ea1ed.jpg,https://www.flickr.com/photos/44071822@N08/5213654617,flickr,Webtreats Seamless Retro Grunge Abstract Maze Textures 2310-v3-9,webtreats,by,2.0,dd0c71ff-6b66-4abd-9e28-d201919a2e97,
b1_0276_webtreats-seamless-retro-grunge-abstract.jpg,1,accepted,,https://live.staticflickr.com/1424/5182689086_d754f1da22.jpg,https://www.flickr.com/photos/44071822@N08/5182689086,flickr,Webtreats Seamless Retro Grunge Abstract Maze Textures 2310-v3-5,webtreats,by,2.0,bdd5eb7a-16e0-4f0f-b16e-f59e1f032579,
b1_0277_high-resolution-pattern-37.jpg,1,accepted,,https://live.staticflickr.com/8656/16085336724_85b4fd09b9_b.jpg,https://www.flickr.com/photos/36546102@N04/16085336724,flickr,High Resolution Pattern #37,Photoshop Roadmap,by,2.0,02401425-71c1-40e7-8a27-313309b6fa5a,
,1,rejected,no-positive-keyword-match,https://live.staticflickr.com/5527/11300835753_16be41daf6_b.jpg,https://www.flickr.com/photos/17997843@N02/11300835753,flickr,shirt,Dean Hochman,by,2.0,93b50dfb-de67-412c-a102-66403f60ae13,
,1,rejected,no-positive-keyword-match,https://live.staticflickr.com/8369/8496543089_4bdd6c7984.jpg,https://www.flickr.com/photos/93421824@N06/8496543089,flickr,Tartan,Filter Forge,by,2.0,e5acec9e-9385-4438-97a1-cec345e8a5da,
b1_0278_geometric-graphic-pattern.jpg,1,accepted,,https://live.staticflickr.com/4093/4853279399_173ba0d1e1_b.jpg,https://www.flickr.com/photos/9822107@N08/4853279399,flickr,Geometric Graphic Pattern,shaire productions,by,2.0,410ce3cf-88b6-4dbd-8180-0fc37de11b5f,
b1_0279_326-kitchen-tile-texture.jpg,1,accepted,,https://live.staticflickr.com/2632/4170674530_e8fbc1cae3_m.jpg,https://www.flickr.com/photos/60057912@N00/4170674530,flickr,326 - Kitchen Tile Texture,Patrick Hoesly,by,2.0,09a826c2-929c-4664-bdf0-0f1ee8163d9c,manual_user_selection
b1_0280_fabric.jpg,1,accepted,,https://live.staticflickr.com/2515/3766414710_3512bfca3f_b.jpg,https://www.flickr.com/photos/35244081@N04/3766414710,flickr,Fabric,robertglynnlane,by,2.0,63117e0f-864b-4a2c-9542-05058ded463e,
b1_0281_pattern.jpg,1,accepted,,https://live.staticflickr.com/174/434598034_483f750835_b.jpg,https://www.flickr.com/photos/42339726@N00/434598034,flickr,pattern,Radder Photos,by,2.0,57f61722-032b-42b9-a69e-95c392b6a4ff,
,1,rejected,no-positive-keyword-match,https://live.staticflickr.com/4132/5046640436_92890ff979_b.jpg,https://www.flickr.com/photos/46084814@N04/5046640436,flickr,Maxwell,NinaZed,by,2.0,23f3db54-7936-4d65-ab7c-b714c5453421,
b1_0282_webtreats-tileable-olive-green-pattern-9.jpg,1,accepted,,https://live.staticflickr.com/4060/5113108011_2518ca34ae.jpg,https://www.flickr.com/photos/44071822@N08/5113108011,flickr,Webtreats Tileable Olive Green Pattern 9,webtreats,by,2.0,30dac536-a301-4c46-902f-3440d6e5ce50,
b1_0283_webtreats-seamless-grungy-faded-retro-pa.jpg,1,accepted,,https://live.staticflickr.com/4007/5147837923_c7c341e028.jpg,https://www.flickr.com/photos/44071822@N08/5147837923,flickr,Webtreats Seamless Grungy Faded Retro Patterns 9,webtreats,by,2.0,330727ef-4f5c-4c8b-80ea-cec0c1907e65,
,1,rejected,no-positive-keyword-match,https://live.staticflickr.com/129/366257600_026a3365b8_b.jpg,https://www.flickr.com/photos/11189227@N00/366257600,flickr,Tampax,wavelab.be,by,2.0,5bef50a0-040c-48f8-a8b4-ffb5e7f8852e,
,1,rejected,no-positive-keyword-match,https://live.staticflickr.com/8538/8677841394_3f5c3ba962.jpg,https://www.flickr.com/photos/93421824@N06/8677841394,flickr,Groovy!,Filter Forge,by,2.0,b2557cf0-4e70-46e7-9829-9366e8bf99f3,
b1_0284_faded-mauve-vintage-photoshop-patterns-p.jpg,1,accepted,,https://live.staticflickr.com/4032/4676276056_f42124517f_b.jpg,https://www.flickr.com/photos/44071822@N08/4676276056,flickr,Faded Mauve Vintage Photoshop Patterns Part2-4,webtreats,by,2.0,0af591f3-4420-4c56-9fd5-80cc36950cf8,
,1,rejected,blocklist:non sequitur,https://live.staticflickr.com/2707/4115385567_8369b06a99_b.jpg,https://www.flickr.com/photos/42942424@N03/4115385567,flickr,Non Sequitur,SONDEL 2010,by,2.0,d31bc908-4ac7-4f2f-85cb-475a99323df1,
b1_0285_high-resolution-pattern-36.jpg,1,accepted,,https://live.staticflickr.com/8581/16706375291_37820f52d5_b.jpg,https://www.flickr.com/photos/36546102@N04/16706375291,flickr,High Resolution Pattern #36,Photoshop Roadmap,by,2.0,e4ed451f-20df-49d9-98a5-0e35512cf644,
b1_0286_pink-sequins-pattern.jpg,1,accepted,,https://live.staticflickr.com/2640/4190660239_bb31be1003_b.jpg,https://www.flickr.com/photos/9822107@N08/4190660239,flickr,Pink Sequins Pattern,shaire productions,by,2.0,5d177d24-3476-4b61-a636-351bbc8b87a0,
,1,rejected,no-positive-keyword-match,https://live.staticflickr.com/5251/5587030864_673442e96e_b.jpg,https://www.flickr.com/photos/72746018@N00/5587030864,flickr,"Décor du harem de Tash Khauli (Khiva, Ouzbékistan)",dalbera,by,2.0,0c4c83bc-8631-4dd8-a0c7-c89965360a70,
,1,rejected,no-positive-keyword-match,https://live.staticflickr.com/3266/3183787869_02347121f1_b.jpg,https://www.flickr.com/photos/49503154413@N01/3183787869,flickr,Set Design Backgrounds,geishaboy500,by,2.0,ca5ac3c9-ae51-465a-94ad-7e6e0a5695dd,
,1,rejected,no-positive-keyword-match,https://live.staticflickr.com/137/399014963_e63f079344.jpg,https://www.flickr.com/photos/87547772@N00/399014963,flickr,Human rights,Arenamontanus,by,2.0,2523b72f-29ee-43fd-94da-6d6b2d035269,
b1_0287_chinese-calligraphy-patterns.jpg,1,accepted,,https://live.staticflickr.com/3392/4605278721_66fe2d7260_b.jpg,https://www.flickr.com/photos/9822107@N08/4605278721,flickr,Chinese Calligraphy Patterns,shaire productions,by,2.0,7160fbb2-ac61-40be-a653-198cc9a45e53,
b1_0288_purple-geometric-textile-pattern.jpg,1,accepted,,https://live.staticflickr.com/4022/4682013985_64b0c3ba74_b.jpg,https://www.flickr.com/photos/9822107@N08/4682013985,flickr,Purple Geometric Textile Pattern,shaire productions,by,2.0,28da9114-a8f5-4960-b7d7-92fd28450da4,
,1,rejected,no-positive-keyword-match,https://live.staticflickr.com/7152/6660764889_e7172dd831_b.jpg,https://www.flickr.com/photos/55772089@N00/6660764889,flickr,IW - Process - Jan. 8 2012,blprnt_van,by,2.0,de323f1f-b28f-40f8-82d6-748bc4f8f40c,
,1,rejected,no-positive-keyword-match,https://live.staticflickr.com/2463/3731005512_e8f2156bcc.jpg,https://www.flickr.com/photos/39622717@N07/3731005512,flickr,"Dots, Pink and Green Background ~ Free",sunsinger,by,2.0,e1269a1b-9c45-42d8-b0b5-2ba8475dbe98,
b1_0289_just-a-small-pattern.jpg,1,accepted,,https://live.staticflickr.com/3469/3181286966_d92cf55234_m.jpg,https://www.flickr.com/photos/96672259@N00/3181286966,flickr,Just a small pattern,✿ Triin Q,by,2.0,cb5be84f-f194-48c8-975a-038bcf4b837c,
,1,rejected,no-positive-keyword-match,https://live.staticflickr.com/5246/5267578588_98d9cac1b1.jpg,https://www.flickr.com/photos/44071822@N08/5267578588,flickr,Webtreats Seamless Web Background Hot Pink Polkadots,webtreats,by,2.0,48cc21db-f91e-472d-a6f9-44c475fac02c,
b1_0290_persian-silk-brocade-paisley-persian-pai.jpg,1,accepted,,https://upload.wikimedia.org/wikipedia/commons/0/07/Persian_Silk_Brocade_-_Paisley_-_Persian_Paisley_-_Abdollah_Salami_-_1939.jpg,https://commons.wikimedia.org/w/index.php?curid=27715821,wikimedia,Persian Silk Brocade - Paisley - Persian Paisley - Abdollah Salami - 1939,Sialkgraph,by-sa,3.0,bc184a25-6b51-49ea-8633-f99715961939,
,1,rejected,no-positive-keyword-match,https://live.staticflickr.com/4061/4387710832_5c791f1080_b.jpg,https://www.flickr.com/photos/8489692@N03/4387710832,flickr,Without negative space how would we appreciate the positive in our art and in our lives? ~Dylan Law,katerha,by,2.0,2eaaa2e1-177c-4f1f-bf33-2e1b21503186,
,1,rejected,no-positive-keyword-match,https://live.staticflickr.com/5540/10570796735_a1f8d8d87c.jpg,https://www.flickr.com/photos/93421824@N06/10570796735,flickr,Dot my Square,Filter Forge,by,2.0,232eb0a9-606e-44d8-80b3-88b60be6a3c5,
,1,rejected,no-positive-keyword-match,https://live.staticflickr.com/5485/9089977149_2e11271769.jpg,https://www.flickr.com/photos/93421824@N06/9089977149,flickr,Optical Chaos 3,Filter Forge,by,2.0,2a5004f6-e362-4e1f-b82f-3c70dab54733,
b1_0291_webtreats-seamless-cool-mint-green-tilea.jpg,1,accepted,,https://live.staticflickr.com/5244/5250850431_64285b3e6d_b.jpg,https://www.flickr.com/photos/44071822@N08/5250850431,flickr,Webtreats Seamless Cool Mint Green Tileable Grungy Pattern 6,webtreats,by,2.0,2785b735-aee0-430a-9776-c12358f0de54,
,1,rejected,blocklist:animal,https://live.staticflickr.com/5022/5629995863_7c6bbbcffa_b.jpg,https://www.flickr.com/photos/32333192@N03/5629995863,flickr,texture animal 02,asmaamurad,by,2.0,5e70de2c-3eac-45bc-b820-2b45a2aed0dc,
,1,rejected,no-positive-keyword-match,https://live.staticflickr.com/2163/2180675762_3515bfc3f4_b.jpg,https://www.flickr.com/photos/32662631@N00/2180675762,flickr,Valentine's Diary,HerryLawford,by,2.0,c46f8646-d299-475a-9d3a-702d030e3cf0,
b1_0292_yellow-dot-patterns.jpg,1,accepted,,https://live.staticflickr.com/3657/3567569881_579571a881_b.jpg,https://www.flickr.com/photos/9822107@N08/3567569881,flickr,Yellow Dot Patterns,shaire productions,by,2.0,439481da-8efa-4cf8-bf12-5b6c184b2596,
,1,rejected,no-positive-keyword-match,https://live.staticflickr.com/2072/1570855678_5951167a74.jpg,https://www.flickr.com/photos/18288598@N00/1570855678,flickr,Kente Cloth,whiteafrican,by,2.0,6ba51d09-10bc-47d2-9a8a-b78893b8d0ea,
,1,rejected,blocklist:daisy,https://live.staticflickr.com/7548/16144944557_558c8eb484_b.jpg,https://www.flickr.com/photos/33227787@N05/16144944557,flickr,150120-daisy-flower-pattern-raised.jpg,r.nial.bradshaw,by,2.0,011718ab-0281-4309-a885-0bbddedaef23,
b1_0293_webtreats-seamless-baby-blue-photoshop-p.jpg,1,accepted,,https://live.staticflickr.com/4089/5187372402_e07a0ee541_b.jpg,https://www.flickr.com/photos/44071822@N08/5187372402,flickr,Webtreats Seamless Baby Blue Photoshop Pattern 63,webtreats,by,2.0,d3696852-d943-4308-b206-3451da676578,
,1,rejected,no-positive-keyword-match,https://live.staticflickr.com/3618/4621406887_22202f96ce_b.jpg,https://www.flickr.com/photos/42627225@N02/4621406887,flickr,British Jumbo Cryptic Crossword Grid Blank,CrosswordMan,by,2.0,bb5d4fd8-90b9-4590-86b3-f35e93086001,
,1,rejected,no-positive-keyword-match,https://live.staticflickr.com/8200/8186756565_f35a5b56eb_b.jpg,https://www.flickr.com/photos/91217085@N00/8186756565,flickr,moon noodles,emiliecp,by,2.0,d7456fe8-c14b-4679-be60-f882da7f3c97,
,1,rejected,no-positive-keyword-match,https://live.staticflickr.com/2477/4047120683_3df21f0e54_b.jpg,https://www.flickr.com/photos/34621580@N00/4047120683,flickr,fishbone,Mr Thinktank,by,2.0,76bc1879-1e41-4c32-b56b-9797ffe434ba,
b1_0294_persian-silk-brocade-paisley-persian-pai.jpg,1,accepted,,https://upload.wikimedia.org/wikipedia/commons/4/41/Persian_Silk_Brocade_-_Paisley_-_Persian_Paisley_-_Seyyed_Hossein_Mozhgani_-_1963.jpg,https://commons.wikimedia.org/w/index.php?curid=27709936,wikimedia,Persian Silk Brocade - Paisley - Persian Paisley - Seyyed Hossein Mozhgani - 1963,Sialkgraph,by-sa,3.0,202324de-1e2c-4825-a6e5-f5408090c23f,
,1,rejected,no-positive-keyword-match,https://live.staticflickr.com/3387/3307697381_9890aed17f_b.jpg,https://www.flickr.com/photos/33409576@N08/3307697381,flickr,tp_20090225_0064,jonathanmccabe,by,2.0,c73e2804-1e77-46c5-acaf-04f87e5c6115,
b1_0295_alexander-henry-fabric.jpg,1,accepted,,https://live.staticflickr.com/2786/4455572713_fff902f423_b.jpg,https://www.flickr.com/photos/33334577@N06/4455572713,flickr,alexander henry fabric,GlitterandFrills,by,2.0,4ead1f7a-171a-417f-8233-1c76bddc9655,
,1,rejected,no-positive-keyword-match,https://live.staticflickr.com/2481/3936906835_4c86454252_b.jpg,https://www.flickr.com/photos/33772123@N03/3936906835,flickr,dots,Matthias Rhomberg,by,2.0,386d360c-15c5-47c2-852c-253d9abbc72c,
b1_0296_white-spots-on-black-fabric.jpg,1,accepted,,https://live.staticflickr.com/2799/4291528418_7957f4fffd_b.jpg,https://www.flickr.com/photos/9822107@N08/4291528418,flickr,White Spots on Black Fabric,shaire productions,by,2.0,61492203-87b0-479e-8da8-3eb4e78c1b97,
,1,rejected,blocklist:pillow,https://live.staticflickr.com/5328/9022930868_d9d4f79ea1_b.jpg,https://www.flickr.com/photos/45257015@N03/9022930868,flickr,Hand embroidered turquoise decorative pillow cover,Hey Paul Studios,by,2.0,80c45f90-06b1-4888-a47e-ef6b0bacee01,
,1,rejected,no-positive-keyword-match,https://live.staticflickr.com/8537/8615392877_5d54be25a5.jpg,https://www.flickr.com/photos/93421824@N06/8615392877,flickr,Retro Dots,Filter Forge,by,2.0,04c6cb1d-5205-40a7-bd1b-895915816ea8,
,1,rejected,no-positive-keyword-match,https://live.staticflickr.com/7279/6889171456_71ee353be9_b.jpg,https://www.flickr.com/photos/48889088479@N01/6889171456,flickr,Keith Haring at Brooklyn Museum,pandemia,by,2.0,a48d49f9-7326-4656-bf07-41a2ac3d4179,
,1,rejected,no-positive-keyword-match,https://live.staticflickr.com/3218/3111065877_dcb2da8a46_b.jpg,https://www.flickr.com/photos/49503154413@N01/3111065877,flickr,Wrapping Paper Designs London,geishaboy500,by,2.0,7c8183cc-a9e9-4943-93c4-33419569ca5e,
,1,rejected,no-positive-keyword-match,https://live.staticflickr.com/8230/8534114512_e0ea85d0b3.jpg,https://www.flickr.com/photos/93421824@N06/8534114512,flickr,Surreal Tweed,Filter Forge,by,2.0,885ed906-bacc-41d1-91be-dd6a757258f4,
b1_0297_texture-old-vert-homestead-wallpaper-8-o.jpg,1,accepted,,https://live.staticflickr.com/7184/6884797181_6b0813f800_b.jpg,https://www.flickr.com/photos/61180839@N06/6884797181,flickr,Texture : Old Vert Homestead : Wallpaper [8 of 9],McCormick Photography,by,2.0,9cc0fa1b-a4d7-4a07-89cd-01dad564e775,
,1,rejected,no-positive-keyword-match,https://live.staticflickr.com/4003/4191422296_a366539713_b.jpg,https://www.flickr.com/photos/9822107@N08/4191422296,flickr,Pink Sequins,shaire productions,by,2.0,fcfbbfc5-ebc3-414c-af0a-bce3fa223564,
,1,rejected,no-positive-keyword-match,https://live.staticflickr.com/7260/7880114316_fba6f9cd10_b.jpg,https://www.flickr.com/photos/55772089@N00/7880114316,flickr,Infinite Weft - Weaving Process,blprnt_van,by,2.0,b17c0c1f-2d14-4420-a234-0178cbe86309,
,1,rejected,no-positive-keyword-match,https://live.staticflickr.com/7027/6660774841_c4f92eeeda_b.jpg,https://www.flickr.com/photos/55772089@N00/6660774841,flickr,IW - Process - Jan. 8 2012,blprnt_van,by,2.0,91af68c5-7a6f-4c62-83af-aa1f67a651c9,
,1,rejected,no-positive-keyword-match,https://live.staticflickr.com/8109/8619550554_339df427a6.jpg,https://www.flickr.com/photos/93421824@N06/8619550554,flickr,Retro Swish,Filter Forge,by,2.0,c3a0fc60-2662-419e-a970-fd0d01f329a2,
b1_0298_macro-fabric.jpg,1,accepted,,https://live.staticflickr.com/312/17833807723_7af3d42304_b.jpg,https://www.flickr.com/photos/36436564@N07/17833807723,flickr,macro fabric,NancyFry,by,2.0,634f6e61-85d8-4bc5-a3b6-108dc175b6be,
,1,rejected,no-positive-keyword-match,https://live.staticflickr.com/2264/3747484158_654128c1c3_b.jpg,https://www.flickr.com/photos/9822107@N08/3747484158,flickr,Pink and Purple Tiles,shaire productions,by,2.0,ad85ae05-cb7e-41e9-ad23-77990b7724bc,
,1,rejected,no-positive-keyword-match,https://live.staticflickr.com/8624/16148651329_408d026816_b.jpg,https://www.flickr.com/photos/13894502@N00/16148651329,flickr,Plaid #ysdaily8,Keira,by,2.0,33545345-eff2-4694-8a7f-f8e7a6387a50,
,1,rejected,no-positive-keyword-match,https://live.staticflickr.com/7302/9151698658_ac117cbb03.jpg,https://www.flickr.com/photos/93421824@N06/9151698658,flickr,Various Dots,Filter Forge,by,2.0,e86f5c15-05dd-470a-9731-3dca2a232d21,
,1,rejected,no-positive-keyword-match,https://live.staticflickr.com/7131/7039447923_d661c408c8_b.jpg,https://www.flickr.com/photos/55772089@N00/7039447923,flickr,Infinite Weft - Samples,blprnt_van,by,2.0,cc8f6eca-de59-4b0d-99db-7b4de5aca15a,
,1,rejected,no-positive-keyword-match,https://live.staticflickr.com/2926/14224548291_f649a67712_b.jpg,https://www.flickr.com/photos/124647626@N07/14224548291,flickr,16_19,Just Textures,by,2.0,4004cf7d-9e18-4265-8904-77ca2f055a72,
,1,rejected,no-positive-keyword-match,https://live.staticflickr.com/3013/2516860845_65a89c1855_b.jpg,https://www.flickr.com/photos/7888217@N04/2516860845,flickr,fp050408-10,fontplaydotcom,by,2.0,11eaaf4d-b595-4140-b998-86acde2b05ef,
,1,rejected,no-positive-keyword-match,https://live.staticflickr.com/158/360627368_f8ed6dbc6f.jpg,https://www.flickr.com/photos/96466040@N00/360627368,flickr,Street Smart Hoodie sleeve one,LollyKnit,by,2.0,b90b66c8-0b49-4f9e-a435-c1c7a853391c,
b1_0299_sudoku-correctly-colored-quilt.jpg,1,accepted,,https://live.staticflickr.com/8142/7124483015_0bcabfe6ab_b.jpg,https://www.flickr.com/photos/41112245@N03/7124483015,flickr,sudoku correctly colored quilt,Scientific Quilter,by,2.0,e9d66e70-c6fa-4f74-9ecd-5e166bf11adc,
,1,rejected,no-positive-keyword-match,https://live.staticflickr.com/3142/3111898352_598accee46_b.jpg,https://www.flickr.com/photos/49503154413@N01/3111898352,flickr,Wrapping Paper Designs London,geishaboy500,by,2.0,f684da3e-3aea-4316-8e1d-42c6222c1caa,
,1,rejected,no-positive-keyword-match,https://live.staticflickr.com/7047/6902948594_b6fec97600_b.jpg,https://www.flickr.com/photos/76094455@N02/6902948594,flickr,Sharpie Music Mix,FWO Clothing,by,2.0,14945de7-5dfa-4d76-b60b-8250c87a9832,
,1,rejected,no-positive-keyword-match,https://live.staticflickr.com/3455/3747483248_d4e7037783_b.jpg,https://www.flickr.com/photos/9822107@N08/3747483248,flickr,Green and Red Tiles,shaire productions,by,2.0,f277ec1f-bb8e-4a91-8737-345279649f7b,
,1,rejected,no-positive-keyword-match,https://live.staticflickr.com/7234/7039448299_6abffc566f_b.jpg,https://www.flickr.com/photos/55772089@N00/7039448299,flickr,Infinite Weft - Samples,blprnt_van,by,2.0,0e401c77-23b4-4564-9caa-fec76d1e6b54,
,1,rejected,no-positive-keyword-match,https://upload.wikimedia.org/wikipedia/commons/1/1a/Persian_Silk_Brocade_-_Shah_Abbasi_Flower_-_Seyyed_Hossein_Mozhgani_-_1974.jpg,https://commons.wikimedia.org/w/index.php?curid=27709935,wikimedia,Persian Silk Brocade - Shah Abbasi Flower - Seyyed Hossein Mozhgani - 1974,Sialkgraph,by-sa,3.0,f8529925-5842-45f1-a1a4-471aace34074,
b1_0300_persian-silk-brocade-paisley-persian-pai.jpg,1,accepted,,https://upload.wikimedia.org/wikipedia/commons/0/0c/Persian_Silk_Brocade_-_Paisley_-_Persian_Paisley_-_Pahlavi_Dynasty.jpg,https://commons.wikimedia.org/w/index.php?curid=27715824,wikimedia,Persian Silk Brocade - Paisley - Persian Paisley - Pahlavi Dynasty,Sialkgraph,by-sa,3.0,2c9723c9-271c-4eae-ab43-d36d89da738e,
,1,rejected,no-positive-keyword-match,https://live.staticflickr.com/8423/7880095870_5e28a86818_b.jpg,https://www.flickr.com/photos/55772089@N00/7880095870,flickr,Infinite Weft - Weaving Process,blprnt_van,by,2.0,867ca71d-932c-4fcc-980a-3561d482f2fc,
b1_0301_cotton-block-printed-textile-39-eyebrigh.jpg,1,accepted,,https://live.staticflickr.com/65535/50643327668_c35bbb7324_b.jpg,https://www.flickr.com/photos/153584064@N07/50643327668,flickr,"Cotton: block printed textile, &#39;Eyebright&#39;, green and yellow design sample (1882-1883) by William Morris. Original from The Birmingham Museum. Digitally enhanced by rawpixel.",Free Public Domain Illustrations by rawpixel,by,2.0,0770040c-598a-45fe-adca-78320023e50d,
,1,rejected,blocklist:man,https://images.rawpixel.com/editor_1024/cHJpdmF0ZS9sci9pbWFnZXMvd2Vic2l0ZS8yMDI0LTAyL2xyL3djcjNraHVxMzQtaW1hZ2UuanBn.jpg,https://www.rawpixel.com/image/13961854/man-block-printing-textiles-gouache-painting-mica-indian-artist,rawpixel,man block printing textiles. Gouache,,cc0,1.0,6d385551-9d9f-4513-a4e4-c9883decd7a1,
,1,rejected,no-positive-keyword-match,https://live.staticflickr.com/3123/3346259692_408c436f2b.jpg,https://www.flickr.com/photos/43109416@N00/3346259692,flickr,"stretch of art, dhamadka kutch",nevil zaveri (thank you for 20+M views:),by,2.0,7b9d6538-0d6f-47f9-a3cd-202481032537,
,1,rejected,no-positive-keyword-match,https://live.staticflickr.com/3202/5841596847_bd8a7915cb_b.jpg,https://www.flickr.com/photos/59068042@N02/5841596847,flickr,Ajrak Sindhi: اجرڪ,Abdul Hakeem Memon,by,2.0,a21f096a-0b9e-4714-94f1-efef15978bdb,
,1,rejected,no-positive-keyword-match,https://live.staticflickr.com/2687/4128392924_35068cf6a9.jpg,https://www.flickr.com/photos/43109416@N00/4128392924,flickr,"blocks, jaisalmer",nevil zaveri (thank you for 20+M views:),by,2.0,0ba4a852-65fa-4472-8c64-0cc9108e049f,
b1_0302_textile-rose-lacma-m-2003-159-1.jpg,1,accepted,,https://live.staticflickr.com/7372/16260620517_293caf9fac_b.jpg,https://www.flickr.com/photos/50398299@N08/16260620517,flickr,"Textile, 'Rose' LACMA M.2003.159.1",Fæ,pdm,1.0,c95fc2df-221d-4ee2-a1d1-298c57daee8c,
b1_0303_textile-printing-block-wooden.jpg,1,accepted,,https://upload.wikimedia.org/wikipedia/commons/0/00/Textile_printing_block_wooden.jpg,https://commons.wikimedia.org/w/index.php?curid=1987916,wikimedia,Textile printing block wooden,Oxyman,by,2.5,57d3cd0d-6015-4d3e-820c-4bb17e3b8865,
b1_0304_bed-cover.jpg,1,accepted,,https://live.staticflickr.com/7062/6902106731_84e8ea5faa_b.jpg,https://www.flickr.com/photos/61997808@N00/6902106731,flickr,BED COVER,RubyGoes,by,2.0,77a71112-d54d-47b2-95bd-b7ed7fa4fde7,
b1_0305_ceremonial-cloth-and-heirloom-textile-wi.jpg,1,accepted,,https://live.staticflickr.com/7447/16214825179_be9877771c_b.jpg,https://www.flickr.com/photos/50398299@N08/16214825179,flickr,Ceremonial Cloth and Heirloom Textile with Row of Female Musicians LACMA M.2005.10 (3 of 3),Fæ,by,2.0,4a6dbbaf-5ad7-4f08-abc7-39b04448e9c9,
,1,rejected,no-positive-keyword-match,https://live.staticflickr.com/2033/2255785335_4fe0f4b9dc_b.jpg,https://www.flickr.com/photos/53133240@N00/2255785335,flickr,drying scarf,Muffet,by,2.0,e7453df2-5ac4-4884-a0e2-1798ae5117f3,
b1_0306_ceremonial-cloth-and-heirloom-textile-wi.jpg,1,accepted,,https://live.staticflickr.com/8562/16213659740_aee6a75ae1_b.jpg,https://www.flickr.com/photos/50398299@N08/16213659740,flickr,Ceremonial Cloth and Heirloom Textile with Row of Female Musicians LACMA M.2005.10 (2 of 3),Fæ,by,2.0,10c98579-8499-43e8-896e-d20cda58cc28,
,1,rejected,no-positive-keyword-match,https://live.staticflickr.com/2299/2247720430_59bd106e2b_b.jpg,https://www.flickr.com/photos/9198432@N02/2247720430,flickr,w 6,jetheriot,by,2.0,315921e9-8744-44e6-b2c2-3e01b04ee542,
,1,rejected,no-positive-keyword-match,https://upload.wikimedia.org/wikipedia/commons/9/9c/MET_DP156677.jpg,https://commons.wikimedia.org/w/index.php?curid=57103341,wikimedia,"<div class='fn'> <div style='font-weight:bold;display:inline-block;'><div style='display:inline-block' dir='ltr' lang='en'><i>Pichhwai for the Festival of Cows</i></div></div><div style='display: none;'>label QS:Len,'Pichhwai for the Festival of Cows'</div> <div style='display: none;'>label QS:Lit,'Pichwai raffigurante la celebrazione della festa delle vacche'</div> <div style='display: none;'>label QS:Lde,'Pichwai mit der Feier des Kuhfests'</div></div>",,cc0,1.0,e2b11304-3a02-477f-9568-f38c63fe13b8,
b1_0307_textile-fragment-lacma-m-2002-1-708.jpg,1,accepted,,https://live.staticflickr.com/7414/15826311263_77ed87a0f3_b.jpg,https://www.flickr.com/photos/50398299@N08/15826311263,flickr,Textile Fragment LACMA M.2002.1.708,Fæ,pdm,1.0,bf50ee2e-b6dc-4dda-a258-56a0c7e855a1,
b1_0308_ceremonial-cloth-and-heirloom-textile-wi.jpg,1,accepted,,https://live.staticflickr.com/7435/15778584264_b0250f71bc_b.jpg,https://www.flickr.com/photos/50398299@N08/15778584264,flickr,Ceremonial Cloth and Heirloom Textile with Row of Female Musicians LACMA M.2005.10 (1 of 3),Fæ,by,2.0,34c3f02e-1e2e-43da-bbfa-31485ffa7435,
b1_0309_bed-cover-lacma-ac1995-250-46.jpg,1,accepted,,https://live.staticflickr.com/7379/16211277600_6e605a6b19_b.jpg,https://www.flickr.com/photos/50398299@N08/16211277600,flickr,Bed cover LACMA AC1995.250.46,Fæ,by,2.0,e19d52ad-dd09-4dc9-a01c-10e5d026ae4d,
b1_0310_yh-child-s-squirrel-print.jpg,1,accepted,,https://live.staticflickr.com/5183/5559201754_3075a1205d_b.jpg,https://www.flickr.com/photos/17417479@N00/5559201754,flickr,YH: Child's squirrel print,Eithin,by,2.0,c7633dc8-63db-4c77-8d14-505de61f52c8,
b1_0311_textile-fragment-lacma-m-2002-1-705.jpg,1,accepted,,https://live.staticflickr.com/7407/15823855684_5db35f16c4_b.jpg,https://www.flickr.com/photos/50398299@N08/15823855684,flickr,Textile Fragment LACMA M.2002.1.705,Fæ,pdm,1.0,0eddc603-1487-42f2-9aa7-91cfe2738d14,
b1_0312_textile-fragment-lacma-m-2002-1-710.jpg,1,accepted,,https://live.staticflickr.com/7289/16260476797_c3911772ee_b.jpg,https://www.flickr.com/photos/50398299@N08/16260476797,flickr,Textile Fragment LACMA M.2002.1.710,Fæ,pdm,1.0,92fd954e-f28b-433a-aad5-3fb3cabb6e9d,
,1,rejected,no-positive-keyword-match,https://live.staticflickr.com/3629/3294672522_4d1d084fbd_b.jpg,https://www.flickr.com/photos/88916555@N00/3294672522,flickr,"India, Day 7",ampersandyslexia,by-sa,2.0,ee855b21-4553-4e58-850a-8b54a37ecd5b,
,1,rejected,no-positive-keyword-match,https://live.staticflickr.com/65535/49098564747_742595d7cb_b.jpg,https://www.flickr.com/photos/23165290@N00/49098564747,flickr,1913 evening outfit,Tim Evanson,by-sa,2.0,c95e7b54-6329-4e74-8323-ff082b314418,
,1,rejected,no-positive-keyword-match,https://live.staticflickr.com/8151/7140136047_3de224fe90_b.jpg,https://www.flickr.com/photos/73915715@N00/7140136047,flickr,Alagbon,Paul Albertella,by,2.0,aaf08405-f30a-46b8-8302-b9ab71916b55,
,1,rejected,no-positive-keyword-match,https://live.staticflickr.com/7521/27459864675_8ae5952172.jpg,https://www.flickr.com/photos/8212496@N06/27459864675,flickr,Photo 37421,public.resource.org,by,2.0,6ee4f214-0ade-4b8d-96a8-ac61c243dedc,
b1_0313_textile-length-lacma-m-89-176-3.jpg,1,accepted,,https://live.staticflickr.com/7337/16259057710_0ed0e6b495_b.jpg,https://www.flickr.com/photos/50398299@N08/16259057710,flickr,Textile Length LACMA M.89.176.3,Fæ,pdm,1.0,f09686bf-4fd0-4523-8b86-41a93bde9b7b,
b1_0314_printmaker.jpg,1,rejected,file-missing-on-disk,https://live.staticflickr.com/5028/5559197084_4a120be4df_b.jpg,https://www.flickr.com/photos/17417479@N00/5559197084,flickr,Printmaker,Eithin,by,2.0,a43239bc-2e35-40c1-8aef-86410e062aa9,
,1,rejected,blocklist:dog,https://live.staticflickr.com/2689/5863664696_9041bd2035_b.jpg,https://www.flickr.com/photos/64221548@N05/5863664696,flickr,Bandanna-like block-print pattern square lantern hanging on my dog's run.,Luna Bazaar,by,2.0,81506faf-8d24-4322-b966-06f59c661dbe,
,1,rejected,download-error:HTTP Error 429: Too many requests - please contact noc@wikimedia.org to discuss a less disruptive approach or instead use thumbnail images in sizes listed on https://w.wiki/GHai. (0c640b1),https://upload.wikimedia.org/wikipedia/commons/7/79/Textile_printing_blocks_at_the_Horniman_Museum.jpg,https://commons.wikimedia.org/w/index.php?curid=10685820,wikimedia,Textile printing blocks at the Horniman Museum,Photograph by Mike Peel (www.mikepeel.net).,by-sa,4.0,a385ccbd-24a4-47a4-b483-dfcce75c942b,
,1,rejected,download-error:HTTP Error 429: Too many requests - please contact noc@wikimedia.org to discuss a less disruptive approach or instead use thumbnail images in sizes listed on https://w.wiki/GHai. (0c640b1),https://upload.wikimedia.org/wikipedia/commons/d/da/Textile_printing_blocks_at_the_Horniman_Museum_1.jpg,https://commons.wikimedia.org/w/index.php?curid=10685825,wikimedia,Textile printing blocks at the Horniman Museum 1,Photograph by Mike Peel (www.mikepeel.net).,by-sa,4.0,53848d1d-c5b3-4f76-935d-e27f0d788b46,
,1,rejected,no-positive-keyword-match,https://upload.wikimedia.org/wikipedia/commons/c/c8/Clevelandart_1937.696.jpg,https://commons.wikimedia.org/w/index.php?curid=76003914,wikimedia,<div class='fn'> Strawberry Thief</div>,William Morris,cc0,1.0,f08902cc-b3a6-462c-867b-315c8bd560e3,
b1_0317_printing-block-lacma-m-71-73-161.jpg,1,accepted,,https://live.staticflickr.com/8561/16433450162_4e46e9eb90_b.jpg,https://www.flickr.com/photos/50398299@N08/16433450162,flickr,Printing Block LACMA M.71.73.161,Fæ,by,2.0,276d60ab-7733-405f-846e-297bc578b74a,
,1,rejected,no-positive-keyword-match,https://live.staticflickr.com/65535/53866746060_36a91b7497.jpg,https://www.flickr.com/photos/200781279@N05/53866746060,flickr,Loom width with Stylized Leaf Design 1790,museado,cc0,1.0,912d0706-079f-45bf-8f5d-08d869bde9a3,
b1_0318_bed-hanging-blue-resist-textile-ca-1725-.jpg,1,accepted,,https://live.staticflickr.com/65535/53903135116_e5d7de1b4e.jpg,https://www.flickr.com/photos/200781279@N05/53903135116,flickr,"Bed hanging, blue-resist textile | ca. 1725–75",museado,cc0,1.0,7a678c5d-61dc-4089-b8ff-818d4de10d27,
,1,rejected,no-positive-keyword-match,https://live.staticflickr.com/65535/53903512276_4986845afd_b.jpg,https://www.flickr.com/photos/200781279@N05/53903512276,flickr,Curtain | 1700–1800,museado,cc0,1.0,6e113e3d-d430-407f-93c7-36171c90b452,
b1_0319_trumpet-vine-textile-associated-artists-.jpg,1,accepted,,https://live.staticflickr.com/65535/53902936491_fb42f5d47e_b.jpg,https://www.flickr.com/photos/200781279@N05/53902936491,flickr,Trumpet-vine textile | Associated Artists 1883–1907,museado,cc0,1.0,1642cace-5b4c-402a-abfb-8b688b815346,
b1_0320_panel-blue-resist-textile-ca-1725-75.jpg,1,accepted,,https://live.staticflickr.com/65535/53902876950_6ec8f12463_b.jpg,https://www.flickr.com/photos/200781279@N05/53902876950,flickr,"Panel, blue-resist textile | ca. 1725–75",museado,cc0,1.0,51bab978-e0ed-43ce-9db4-b42d3efdfb53,
b1_0321_panel-blue-resist-textile-ca-1725-75.jpg,1,accepted,,https://live.staticflickr.com/65535/53902786064_955c7c7714_b.jpg,https://www.flickr.com/photos/200781279@N05/53902786064,flickr,"Panel, blue-resist textile | ca. 1725–75",museado,cc0,1.0,e3f760d1-f71c-4298-9256-3f6b88a23750,
b1_0322_curtain-panel-blue-resist-textile-ca-172.jpg,1,accepted,,https://live.staticflickr.com/65535/53902449788_43fcf03c98_b.jpg,https://www.flickr.com/photos/200781279@N05/53902449788,flickr,"Curtain panel, blue-resist textile | ca. 1725–75",museado,cc0,1.0,f8ac3d9b-4bf5-4ecb-89bb-deb16b2c72bd,
b1_0323_piece-blue-resist-textile-ca-1725-75.jpg,1,accepted,,https://live.staticflickr.com/65535/53902547259_764951dd82_b.jpg,https://www.flickr.com/photos/200781279@N05/53902547259,flickr,"Piece, blue-resist textile | ca. 1725–75",museado,cc0,1.0,f7b8802d-3718-4139-8c34-d6a8f203d065,
,1,rejected,no-positive-keyword-match,https://live.staticflickr.com/65535/53866515719_0d5bcae0d0.jpg,https://www.flickr.com/photos/200781279@N05/53866515719,flickr,Fragment 1200s–1300s,museado,cc0,1.0,35d19833-f91c-4c60-9774-6ccea1215fba,
,1,rejected,no-positive-keyword-match,https://live.staticflickr.com/65535/53903512211_7cc4037e5b_b.jpg,https://www.flickr.com/photos/200781279@N05/53903512211,flickr,Curtain | 1700–1800,museado,cc0,1.0,685daa92-ef1c-4e07-a873-c117c718564a,
b1_0324_partial-curtain-blue-resist-textile-ca-1.jpg,1,accepted,,https://live.staticflickr.com/65535/53903289593_19742d4dd5_b.jpg,https://www.flickr.com/photos/200781279@N05/53903289593,flickr,"Partial curtain, blue-resist textile | ca. 1725–75",museado,cc0,1.0,94d2ec73-0263-4bc2-83cb-01531d00e308,
,1,rejected,no-positive-keyword-match,https://live.staticflickr.com/65535/53903765248_d7819112b3_b.jpg,https://www.flickr.com/photos/200781279@N05/53903765248,flickr,Curtain | 1700–1800,museado,cc0,1.0,438308c1-7322-40fb-8580-b60f4c238202,
b1_0325_trumpet-vine-textile-associated-artists-.jpg,1,accepted,,https://live.staticflickr.com/65535/53903335540_11189e5858_b.jpg,https://www.flickr.com/photos/200781279@N05/53903335540,flickr,Trumpet-vine textile | Associated Artists 1883–1907,museado,cc0,1.0,3c8ff05d-0e13-4ade-92b5-fafa75c1db88,
b1_0326_panel-blue-resist-textile-ca-1725-75.jpg,1,accepted,,https://live.staticflickr.com/65535/53903585765_02d071a2b0.jpg,https://www.flickr.com/photos/200781279@N05/53903585765,flickr,"Panel, blue-resist textile | ca. 1725–75",museado,cc0,1.0,91906eb7-921e-45ab-82c4-bbc9ce2060ba,
b1_0327_curtain-panel-blue-resist-textile-ca-172.jpg,1,accepted,,https://live.staticflickr.com/65535/53902997706_f3a0dbabaf_b.jpg,https://www.flickr.com/photos/200781279@N05/53902997706,flickr,"Curtain panel, blue-resist textile | ca. 1725–75",museado,cc0,1.0,1b011ed0-bc47-4dff-9982-2e04233d6169,
b1_0328_panel-blue-resist-textile-ca-1725-75.jpg,1,accepted,,https://live.staticflickr.com/65535/53902429456_1d4048a379_b.jpg,https://www.flickr.com/photos/200781279@N05/53902429456,flickr,"Panel, blue-resist textile | ca. 1725–75",museado,cc0,1.0,442ce6c8-011f-4836-b0bd-3fcfc34b64a0,
b1_0329_partial-curtain-blue-resist-textile-ca-1.jpg,1,accepted,,https://live.staticflickr.com/65535/53904597455_96cd274797_b.jpg,https://www.flickr.com/photos/200781279@N05/53904597455,flickr,"Partial curtain, blue-resist textile | ca. 1725–75",museado,cc0,1.0,cb00af1b-d2c9-4de3-af51-5aaa32726f9b,
,1,rejected,no-positive-keyword-match,https://live.staticflickr.com/65535/53901247637_5387258bfc_b.jpg,https://www.flickr.com/photos/200781279@N05/53901247637,flickr,Piece | ca. 1760,museado,cc0,1.0,17e44928-9a09-443d-8554-af1a7ba09f46,
b1_0330_piece-blue-resist-textile-ca-1725-75.jpg,1,accepted,,https://live.staticflickr.com/65535/53901273347_93fbf7c1f7_b.jpg,https://www.flickr.com/photos/200781279@N05/53901273347,flickr,"Piece, blue-resist textile | ca. 1725–75",museado,cc0,1.0,6e30b1ce-4cd3-4146-80db-d79ed9c1c01b,
,1,rejected,no-positive-keyword-match,https://live.staticflickr.com/65535/53901247807_a6f6f37337_b.jpg,https://www.flickr.com/photos/200781279@N05/53901247807,flickr,Piece | ca. 1760,museado,cc0,1.0,1a8d62a6-4488-442b-a685-92092a0da372,
,1,rejected,no-positive-keyword-match,https://live.staticflickr.com/65535/53903953730_004e025545_b.jpg,https://www.flickr.com/photos/200781279@N05/53903953730,flickr,Curtain | 1700–1800,museado,cc0,1.0,0be4411d-0f9f-4900-99cf-261565d2bf1d,
,1,rejected,no-positive-keyword-match,https://live.staticflickr.com/65535/53902448993_16ae74bc0b_b.jpg,https://www.flickr.com/photos/200781279@N05/53902448993,flickr,Curtain | 1700–1800,museado,cc0,1.0,a21473c9-9f30-4454-8577-7922ac3cd198,
,1,rejected,no-positive-keyword-match,https://live.staticflickr.com/65535/53866804935_fe69de2e50.jpg,https://www.flickr.com/photos/200781279@N05/53866804935,flickr,Strawberry Thief c 1936,museado,cc0,1.0,5e76ea3d-efbe-4d56-a9d2-499802fa1e50,
b1_0331_partial-curtain-blue-resist-textile-ca-1.jpg,1,accepted,,https://live.staticflickr.com/65535/53902528934_ea562bff2d_b.jpg,https://www.flickr.com/photos/200781279@N05/53902528934,flickr,"Partial curtain, blue-resist textile | ca. 1725–75",museado,cc0,1.0,b08b7d41-3add-4054-a360-77760b695978,
b1_0332_trumpet-vine-textile-associated-artists-.jpg,1,accepted,,https://live.staticflickr.com/65535/53902613705_11b126e4af_b.jpg,https://www.flickr.com/photos/200781279@N05/53902613705,flickr,Trumpet-vine textile | Associated Artists 1883–1907,museado,cc0,1.0,232ace2d-a0ea-4479-8cc8-903fa00ae00b,
b1_0333_piece-blue-resist-textile-ca-1725-75.jpg,1,accepted,,https://live.staticflickr.com/65535/53901291742_7e71d4493d_b.jpg,https://www.flickr.com/photos/200781279@N05/53901291742,flickr,"Piece, blue-resist textile | ca. 1725–75",museado,cc0,1.0,0177d093-b815-443b-a82e-b355b4dd3d23,
b1_0334_panel-blue-resist-textile-ca-1725-75.jpg,1,accepted,,https://live.staticflickr.com/65535/53902555394_384ba3a846.jpg,https://www.flickr.com/photos/200781279@N05/53902555394,flickr,"Panel, blue-resist textile | ca. 1725–75",museado,cc0,1.0,1fb35670-2f0f-4059-b7f8-c70c5ce121ae,
b1_0335_curtain-panel-blue-resist-textile-ca-172.jpg,1,accepted,,https://live.staticflickr.com/65535/53903277017_0b2224a483_b.jpg,https://www.flickr.com/photos/200781279@N05/53903277017,flickr,"Curtain panel, blue-resist textile | ca. 1725–75",museado,cc0,1.0,9c5dc1f6-8485-4851-ab3f-c7f7c43ef72e,
b1_0336_valance-blue-resist-textile-ca-1725-75.jpg,1,accepted,,https://live.staticflickr.com/65535/53902150676_7246a4536c_b.jpg,https://www.flickr.com/photos/200781279@N05/53902150676,flickr,"Valance, blue-resist textile | ca. 1725–75",museado,cc0,1.0,0b916b6e-2344-4a74-b96a-6844c77abd53,
,1,rejected,not-a-valid-jpg-png,https://images.rawpixel.com/editor_1024/cHJpdmF0ZS9sci9pbWFnZXMvd2Vic2l0ZS8yMDIyLTA5L3NtaXRoc25jaHNkbTE5NzM1MTEwOW1hdHRmbHlubi1pbWFnZS5qcGc.jpg,https://www.rawpixel.com/image/9064281/textile,rawpixel,Textile,,cc0,1.0,5cdc5c22-2504-4b34-8b9b-ba1f43f7c908,
,1,rejected,not-a-valid-jpg-png,https://images.rawpixel.com/editor_1024/cHJpdmF0ZS9sci9pbWFnZXMvd2Vic2l0ZS8yMDIyLTA4L2xyL21pYTI1Mi1pbWFnZS5qcGc.jpg,https://www.rawpixel.com/image/7655716/photo-image-vintage-art-trees,rawpixel,"Printed hanging, center panel contains",,cc0,1.0,07e58a95-1c13-44bf-bb90-70ab3eb41441,
,1,rejected,no-positive-keyword-match,https://images.rawpixel.com/editor_1024/cHJpdmF0ZS9sci9pbWFnZXMvd2Vic2l0ZS8yMDI0LTAxL2xyL3JpamtzcnAtZC0wMC00MjItaW1hZ2UuanBn.jpg,https://www.rawpixel.com/image/13735973/blad-met-banenpatroon-van-uitgespaarde-bloemen-1700-1850-anonymous,rawpixel,Blad met banenpatroon van uitgespaarde,rijksmuseum,cc0,1.0,3582c296-2b63-418c-a289-9d17f3b01cf4,
,1,rejected,no-positive-keyword-match,https://images.rawpixel.com/editor_1024/cHJpdmF0ZS9sci9pbWFnZXMvd2Vic2l0ZS8yMDIyLTEyL2FpYzg2NjExLWltYWdlLmpwZw.jpg,https://www.rawpixel.com/image/9027921/treve-dieu-gods-truce-furnishing-fabric,rawpixel,La Trève de Dieu (God's,artinstitutechicago,cc0,1.0,ffd8b625-c78e-404b-bc01-65258e844099,
,1,rejected,no-positive-keyword-match,https://images.rawpixel.com/editor_1024/cHJpdmF0ZS9sci9pbWFnZXMvd2Vic2l0ZS8yMDI0LTAxL2xyL3JpamtzcnAtZC0wMC02NTAtaW1hZ2UuanBn.jpg,https://www.rawpixel.com/image/13736377/image-background-paper-art,rawpixel,Blad met honingraatpatroon van zeshoeken,rijksmuseum,cc0,1.0,e76b6bc1-24ba-466d-b930-4507f8800d01,
,1,rejected,not-a-valid-jpg-png,https://images.rawpixel.com/editor_1024/cHJpdmF0ZS9sci9pbWFnZXMvd2Vic2l0ZS8yMDIyLTEyL2FpYzE1NjYyMi1pbWFnZS5qcGc.jpg,https://www.rawpixel.com/image/9000872/bedcover-rebecca-hayward,rawpixel,Bedcover by Rebecca C. Hayward,artinstitutechicago,cc0,1.0,b2eaff1f-d73d-4714-815b-bb8db3ccbfa6,
,1,rejected,not-a-valid-jpg-png,https://images.rawpixel.com/editor_1024/cHJpdmF0ZS9sci9pbWFnZXMvd2Vic2l0ZS8yMDIyLTA4L2xyL21pYTEyOTQ5Ni1pbWFnZS5qcGc.jpg,https://www.rawpixel.com/image/7652900/image-vintage-art-public-domain,rawpixel,"block printed, resist mordant dyed",,cc0,1.0,1d49df95-9cc0-4f00-a917-50d8cfae406b,
,1,rejected,no-positive-keyword-match,https://images.rawpixel.com/editor_1024/cHJpdmF0ZS9sci9pbWFnZXMvd2Vic2l0ZS8yMDI0LTAxL2xyL3JpamtzcnAtZC0yMDE4LTE1NC1pbWFnZS5qcGc.jpg,https://www.rawpixel.com/image/13733493/image-background-paper-art,rawpixel,Blad met strooipatroon van gekarteld,rijksmuseum,cc0,1.0,cb877126-2115-4a23-95f8-3479379fbe93,
,1,rejected,no-positive-keyword-match,https://images.rawpixel.com/editor_1024/cHJpdmF0ZS9sci9pbWFnZXMvd2Vic2l0ZS8yMDI0LTAxL2xyL3JpamtzcnAtZC0wMC00NjItaW1hZ2UuanBn.jpg,https://www.rawpixel.com/image/13753067/image-background-paper-frame,rawpixel,Blad met alternerend banenpatroon van,rijksmuseum,cc0,1.0,4ceb34b7-4841-4949-94d6-e73b38a30638,
,1,rejected,no-positive-keyword-match,https://images.rawpixel.com/editor_1024/cHJpdmF0ZS9sci9pbWFnZXMvd2Vic2l0ZS8yMDI0LTAxL2xyL3JpamtzcnAtZC0wMC01NzItaW1hZ2UuanBn.jpg,https://www.rawpixel.com/image/13753090/blad-met-strooipatronen-van-ranken-over-sterren-1800-1900-anonymous,rawpixel,Blad met strooipatronen van ranken,rijksmuseum,cc0,1.0,24be9faa-ee87-4503-9bd7-e7641cca60d8,
,1,rejected,no-positive-keyword-match,https://images.rawpixel.com/editor_1024/cHJpdmF0ZS9sci9pbWFnZXMvd2Vic2l0ZS8yMDI0LTAxL2xyL3JpamtzcnAtZC0wMC0zNzgtaW1hZ2UuanBn.jpg,https://www.rawpixel.com/image/13735953/blad-met-banenpatroon-van-ruiten-stippen-1700-1850-anonymous,rawpixel,Blad met banenpatroon van ruiten,rijksmuseum,cc0,1.0,c365d4cd-3c14-478a-a321-d190a6140749,
,1,rejected,no-positive-keyword-match,https://images.rawpixel.com/editor_1024/cHJpdmF0ZS9sci9pbWFnZXMvd2Vic2l0ZS8yMDI0LTAxL2xyL3JpamtzcnAtZC0wMC01NDMtaW1hZ2UuanBn.jpg,https://www.rawpixel.com/image/13752775/image-background-paper-frame,rawpixel,Blad met strooipatroon van afwisselend,rijksmuseum,cc0,1.0,d450bbee-0bf3-4300-9288-7d9474631299,
,1,rejected,not-a-valid-jpg-png,https://images.rawpixel.com/editor_1024/cHJpdmF0ZS9sci9pbWFnZXMvd2Vic2l0ZS8yMDIyLTA4L2xyL21pYTEyOTQ5My1pbWFnZS5qcGc.jpg,https://www.rawpixel.com/image/7655707/photo-image-leaves-vintage-art,rawpixel,"hand-drawn block printed, resist mordant",,cc0,1.0,38ace43f-78b8-4399-aa0d-8383cc2a1f59,
,1,rejected,no-positive-keyword-match,https://images.rawpixel.com/editor_1024/cHJpdmF0ZS9sci9pbWFnZXMvd2Vic2l0ZS8yMDI0LTAxL2xyL3JpamtzcnAtZC0yMDE4LTE0Ny1pbWFnZS5qcGc.jpg,https://www.rawpixel.com/image/13733544/blad-met-patroon-van-bloemen-met-stippenfond-c-1700-1850-anonymous,rawpixel,Blad met patroon van bloemen,rijksmuseum,cc0,1.0,a4575012-91fe-4250-9a5a-1cafdd4dd91b,
,1,rejected,not-a-valid-jpg-png,https://images.rawpixel.com/editor_1024/cHJpdmF0ZS9sci9pbWFnZXMvd2Vic2l0ZS8yMDIyLTEyL2FpYzIzODYyOS1pbWFnZS5qcGc.jpg,https://www.rawpixel.com/image/9034670/panel,rawpixel,Elegant red damask textile design,artinstitutechicago,cc0,1.0,a7fd59c0-1eb0-49aa-a353-6a6f9dc1a3c9,
,1,rejected,no-positive-keyword-match,https://images.rawpixel.com/editor_1024/cHJpdmF0ZS9sci9pbWFnZXMvd2Vic2l0ZS8yMDIyLTEyL2FpYzcyOTA1LWltYWdlLmpwZw.jpg,https://www.rawpixel.com/image/9003797/panel-arthur-silver-designer,rawpixel,Panel by Arthur Silver (Designer),artinstitutechicago,cc0,1.0,d7df6a9f-f9b2-4f0f-990c-71d53322fa68,
,1,rejected,no-positive-keyword-match,https://images.rawpixel.com/editor_1024/cHJpdmF0ZS9sci9pbWFnZXMvd2Vic2l0ZS8yMDI0LTAxL2xyL3JpamtzcnAtZC0xOTg1LTI4LTIwMS1pbWFnZS5qcGc.jpg,https://www.rawpixel.com/image/13736100/image-background-paper-plant,rawpixel,Blad met banenpatroon van verticale,rijksmuseum,cc0,1.0,796a675f-e480-41d9-9935-26be2c8d2acb,
,1,rejected,no-positive-keyword-match,https://images.rawpixel.com/editor_1024/cHJpdmF0ZS9sci9pbWFnZXMvd2Vic2l0ZS8yMDI0LTAxL2xyL3JpamtzcnAtZC0wMC01ODMtaW1hZ2UuanBn.jpg,https://www.rawpixel.com/image/13752823/blad-met-lijnenpatroon-over-strooipatroon-van-ranken-1800-1900-anonymous,rawpixel,Blad met lijnenpatroon strooipatroon van,rijksmuseum,cc0,1.0,c73b292f-f655-4948-93ce-2eff3f96e481,
,1,rejected,no-positive-keyword-match,https://images.rawpixel.com/editor_1024/cHJpdmF0ZS9sci9pbWFnZXMvd2Vic2l0ZS8yMDI0LTAxL2xyL3JpamtzcnAtZC0wMC03MDAtaW1hZ2UuanBn.jpg,https://www.rawpixel.com/image/13753086/image-background-texture-paper,rawpixel,Blad met ruitenpatroon met als,rijksmuseum,cc0,1.0,94094252-569a-4a2a-8b1d-92344c91a118,
,1,rejected,not-a-valid-jpg-png,https://images.rawpixel.com/editor_1024/cHJpdmF0ZS9sci9pbWFnZXMvd2Vic2l0ZS8yMDIyLTEyL2FpYzkyODE3LWltYWdlLmpwZw.jpg,https://www.rawpixel.com/image/9018162/image-paper-person-fabric,rawpixel,Children Play (Furnishing Fabric) Merrimack,artinstitutechicago,cc0,1.0,da484b3a-f1cd-4c68-9575-250975212180,
,1,rejected,not-a-valid-jpg-png,https://images.rawpixel.com/editor_1024/cHJpdmF0ZS9zdGF0aWMvZmlsZXMvd2Vic2l0ZS8yMDIyLTA5L3NtaXRoc25jaHNkbWY1MTkwZmE3ZWJlMTIwMDAwMDEtaW1hZ2UuanBn.jpg,https://www.rawpixel.com/image/9064616/textile,rawpixel,Textile,,cc0,1.0,46e9c003-63ad-44c7-b188-534fabe7a804,
,1,rejected,no-positive-keyword-match,https://images.rawpixel.com/editor_1024/cHJpdmF0ZS9sci9pbWFnZXMvd2Vic2l0ZS8yMDI0LTAxL2xyL3JpamtzcnAtZC0wMC00MzgtaW1hZ2UuanBn.jpg,https://www.rawpixel.com/image/13753098/blad-met-ruitpatroon-1800-1900-anonymous,rawpixel,Blad met ruitpatroon (1800 -,rijksmuseum,cc0,1.0,cbd5af4f-5bbb-49a3-8fcb-d5e68a402ede,
,1,rejected,no-positive-keyword-match,https://images.rawpixel.com/editor_1024/cHJpdmF0ZS9sci9pbWFnZXMvd2Vic2l0ZS8yMDI0LTAxL2xyL3JpamtzcnAtZC0wMC04MDYtaW1hZ2UuanBn.jpg,https://www.rawpixel.com/image/13736263/blad-met-ruitenpatroon-met-bladmotief-punten-1750-1950-anonymous,rawpixel,Blad met ruitenpatroon met bladmotief,rijksmuseum,cc0,1.0,971d6441-523c-4df5-8edf-177d6952db0c,
,1,rejected,no-positive-keyword-match,https://images.rawpixel.com/editor_1024/cHJpdmF0ZS9sci9pbWFnZXMvd2Vic2l0ZS8yMDI0LTAxL2xyL3JpamtzcnAtZC0wMC03NjgtaW1hZ2UuanBn.jpg,https://www.rawpixel.com/image/13752831/blad-met-regelmatig-patroon-van-blokken-staven-1750-1950-anonymous,rawpixel,Blad met regelmatig patroon van,rijksmuseum,cc0,1.0,99599c02-b1b8-4999-ad82-1c17cc6e9d56,
,1,rejected,no-positive-keyword-match,https://images.rawpixel.com/editor_1024/cHJpdmF0ZS9sci9pbWFnZXMvd2Vic2l0ZS8yMDI0LTAxL2xyL3JpamtzcnAtZC0xOTk3LTM4LTEzLWltYWdlLmpwZw.jpg,https://www.rawpixel.com/image/13733253/blad-met-twee-vogels-bloesemtak-c-1850-1950-anonymous,rawpixel,Blad met twee vogels op,rijksmuseum,cc0,1.0,180202c1-ab3f-4d0f-8183-e7c0eacf9d14,
,1,rejected,no-positive-keyword-match,https://images.rawpixel.com/editor_1024/cHJpdmF0ZS9sci9pbWFnZXMvd2Vic2l0ZS8yMDI0LTAxL2xyL3JpamtzcnAtZC0wMC0zODYtaW1hZ2UuanBn.jpg,https://www.rawpixel.com/image/13752753/image-background-paper-book,rawpixel,Blad met fond banenpatroon van,rijksmuseum,cc0,1.0,3a638b13-eee3-41d0-a3c5-3ee108e81427,
,1,rejected,no-positive-keyword-match,https://images.rawpixel.com/editor_1024/cHJpdmF0ZS9sci9pbWFnZXMvd2Vic2l0ZS8yMDI0LTAxL2xyL3JpamtzcnAtZC0xOTg1LTI4LTE0My1pbWFnZS5qcGc.jpg,https://www.rawpixel.com/image/13736055/image-background-paper-art,rawpixel,Blad met ruitenpatroon met overhoeks,rijksmuseum,cc0,1.0,07c577f3-c6fc-4f85-b6e2-bafc1eb200b0,
,1,rejected,no-positive-keyword-match,https://images.rawpixel.com/editor_1024/cHJpdmF0ZS9sci9pbWFnZXMvd2Vic2l0ZS8yMDI0LTAxL2xyL3JpamtzYmstMjAwMS0yMS1pbWFnZS5qcGc.jpg,https://www.rawpixel.com/image/13731892/image-background-paper-art,rawpixel,Papierbehangsel met ruitpatroon met Franse,rijksmuseum,cc0,1.0,025542a2-c8ed-428d-8fe1-5abd0caadbdd,
,1,rejected,no-positive-keyword-match,https://images.rawpixel.com/editor_1024/cHJpdmF0ZS9sci9pbWFnZXMvd2Vic2l0ZS8yMDI0LTAxL2xyL3JpamtzcnAtZC0yMDE4LTE5OS1pbWFnZS5qcGc.jpg,https://www.rawpixel.com/image/13732157/image-background-paper-art,rawpixel,Blad met strooipatroon van bladranken,rijksmuseum,cc0,1.0,26a15e74-b38d-46ac-b1e3-847c5f1dfb55,
,1,rejected,not-a-valid-jpg-png,https://images.rawpixel.com/editor_1024/cHJpdmF0ZS9sci9pbWFnZXMvd2Vic2l0ZS8yMDIzLTA0L3BkbWlzYzExLXNtaXRoc25jaHNkbTE5NzM1MTEzNm1hdHRmbHlubi1pbWFnZV8xLmpwZw.jpg,https://www.rawpixel.com/image/9851160/image-flower-art-pattern,rawpixel,Textile carnations other flowers,,cc0,1.0,b426c691-3c40-45f5-a275-de31968cedc5,
,1,rejected,no-positive-keyword-match,https://images.rawpixel.com/editor_1024/cHJpdmF0ZS9sci9pbWFnZXMvd2Vic2l0ZS8yMDI0LTAxL2xyL3JpamtzcnAtZC0wMC00OTgtaW1hZ2UuanBn.jpg,https://www.rawpixel.com/image/13736293/blad-met-banenpatroon-van-bloemen-1800-1900-anonymous,rawpixel,Blad met banenpatroon van bloemen,rijksmuseum,cc0,1.0,1a1d42df-fdc9-4a57-8482-b4727a0ce361,
,1,rejected,no-positive-keyword-match,https://images.rawpixel.com/editor_1024/cHJpdmF0ZS9sci9pbWFnZXMvd2Vic2l0ZS8yMDI0LTAxL2xyL3JpamtzcnAtZC0wMC02NjktaW1hZ2UuanBn.jpg,https://www.rawpixel.com/image/13752782/image-background-texture-paper,rawpixel,Blad met banenpatroon van parallellogrammen,rijksmuseum,cc0,1.0,fe22f04e-ba34-430b-a1b8-5dcf3726717b,
,1,rejected,no-positive-keyword-match,https://images.rawpixel.com/editor_1024/cHJpdmF0ZS9sci9pbWFnZXMvd2Vic2l0ZS8yMDI0LTAxL2xyL3JpamtzcnAtZC0wMC02NDgtaW1hZ2UuanBn.jpg,https://www.rawpixel.com/image/13752760/image-background-texture-paper,rawpixel,Blad met ruitenpatroon met uitgespaard,rijksmuseum,cc0,1.0,7e71ec12-b920-4c9f-ad6a-882002cf12c3,
,1,rejected,no-positive-keyword-match,https://images.rawpixel.com/editor_1024/cHJpdmF0ZS9sci9pbWFnZXMvd2Vic2l0ZS8yMDI0LTAxL2xyL3JpamtzcnAtZC0wMC02MjQtaW1hZ2UuanBn.jpg,https://www.rawpixel.com/image/13752815/image-background-texture-paper,rawpixel,Blad met strooipatroon van bloemmotief,rijksmuseum,cc0,1.0,966823eb-88eb-43fc-ab8d-9336a23acd75,
,1,rejected,no-positive-keyword-match,https://images.rawpixel.com/editor_1024/cHJpdmF0ZS9sci9pbWFnZXMvd2Vic2l0ZS8yMDI0LTAxL2xyL3JpamtzcnAtZC0wMC01MzYtaW1hZ2UuanBn.jpg,https://www.rawpixel.com/image/13736287/image-background-paper-art,rawpixel,Blad met strooipatroon van bloemen,rijksmuseum,cc0,1.0,1a96b64a-8e96-489a-bfdf-f49e609db0c7,
b1_0346_orissa-ikat-shawl.jpg,1,accepted,,https://live.staticflickr.com/4003/4630956775_5ca1a13f4a_b.jpg,https://www.flickr.com/photos/61997808@N00/4630956775,flickr,ORISSA IKAT SHAWL,RubyGoes,by,2.0,9bb0bb67-4ad9-4257-b0cf-e9a4418e7324,
b1_0347_ikat-cotton-blanket.jpg,1,accepted,,https://live.staticflickr.com/4034/4631583302_8a26c15903_b.jpg,https://www.flickr.com/photos/61997808@N00/4631583302,flickr,IKAT COTTON BLANKET,RubyGoes,by,2.0,4947e99c-d16d-4825-9e0c-286f8eac26c4,
,1,rejected,no-positive-keyword-match,https://live.staticflickr.com/4058/4319515161_dfa010b288_b.jpg,https://www.flickr.com/photos/61997808@N00/4319515161,flickr,VEGETAL DYES AND HANDLOOMED COTTON SCARF,RubyGoes,by,2.0,c1e82c13-2655-40e7-a86e-d5a51cc001e2,
b1_0348_ikat.jpg,1,accepted,,https://live.staticflickr.com/2218/3534590421_9fa18c6669.jpg,https://www.flickr.com/photos/61997808@N00/3534590421,flickr,IKAT.,RubyGoes,by,2.0,1584e1d3-5130-4f8c-a670-7fde9e211020,
,1,rejected,no-positive-keyword-match,https://upload.wikimedia.org/wikipedia/commons/e/e3/Rebozo.jpg,https://commons.wikimedia.org/w/index.php?curid=26194898,wikimedia,Rebozo,VAwebteam at English Wikipedia,by-sa,3.0,5496f075-0bfc-40a9-9851-87bbd340fbe2,
b1_0349_navy-gray-and-white-ikat-fabric.jpg,1,accepted,,https://live.staticflickr.com/150/431066209_8d6c7cb1b3_b.jpg,https://www.flickr.com/photos/45802332@N00/431066209,flickr,"Navy, Gray and White Ikat fabric",deb roby,by,2.0,015477e7-fd85-4393-a34f-6a5e2bceb6e8,
b1_0350_ikat-bedspread.jpg,1,accepted,,https://live.staticflickr.com/8471/8089855843_75cb575d99_b.jpg,https://www.flickr.com/photos/61997808@N00/8089855843,flickr,IKAT BEDSPREAD,RubyGoes,by,2.0,8c810ff6-912c-4bc2-8491-0d4c48e86c76,
b1_0351_fabric-patterns.jpg,1,accepted,,https://live.staticflickr.com/1680/24709973541_9d236eac0c_b.jpg,https://www.flickr.com/photos/12071889@N00/24709973541,flickr,Fabric patterns,Andrea Kirkby,by-sa,2.0,9add23af-fd17-48ff-b6ef-9f9eabc7c507,
b1_0352_ikat-tiraz-960-980.jpg,1,accepted,,https://live.staticflickr.com/65535/53869296859_1470379912.jpg,https://www.flickr.com/photos/200781279@N05/53869296859,flickr,Ikat tiraz 960–980,museado,cc0,1.0,21184e12-eae5-4d7b-851f-689516deb76a,
b1_0353_ikat-tiraz-900s.jpg,1,accepted,,https://live.staticflickr.com/65535/53867546961_86e673e61d.jpg,https://www.flickr.com/photos/200781279@N05/53867546961,flickr,Ikat tiraz 900s,museado,cc0,1.0,a855f4f5-fe28-4c5b-8742-a9f025c66d43,
,1,rejected,not-a-valid-jpg-png,https://images.rawpixel.com/editor_1024/cHJpdmF0ZS9sci9pbWFnZXMvd2Vic2l0ZS8yMDIyLTA4L2xyL21pYTEyNTY4LWltYWdlLmpwZw.jpg,https://www.rawpixel.com/image/7657094/image-vintage-art-public-domain,rawpixel,Woven silk panel ikat design;,,cc0,1.0,cde8a927-e8c7-490b-9e6d-428dac3314f4,
,1,rejected,not-a-valid-jpg-png,https://images.rawpixel.com/editor_1024/cHJpdmF0ZS9sci9pbWFnZXMvd2Vic2l0ZS8yMDIyLTA4L2xyL21pYTQ1MjUwLWltYWdlLmpwZw.jpg,https://www.rawpixel.com/image/7654459/image-flowers-light-vintage,rawpixel,purple ground stylized flowers paisleys;,,cc0,1.0,54ab35a3-e3ef-4273-a97b-2e33b6ddce6a,
,1,rejected,not-a-valid-jpg-png,https://images.rawpixel.com/editor_1024/cHJpdmF0ZS9sci9pbWFnZXMvd2Vic2l0ZS8yMDIyLTA4L2xyL21pYTI1MTQ0LWltYWdlLmpwZw.jpg,https://www.rawpixel.com/image/7656086/photo-image-vintage-art-public-domain,rawpixel,"panel, silk, lined cotton, ikat",,cc0,1.0,bc3f556a-a8cb-486d-bb06-5eea454b0f4e,
,1,rejected,not-a-valid-jpg-png,https://images.rawpixel.com/editor_1024/cHJpdmF0ZS9sci9pbWFnZXMvd2Vic2l0ZS8yMDIyLTA4L2xyL21pYTI1MTQ1LWltYWdlLmpwZw.jpg,https://www.rawpixel.com/image/7656094/photo-image-vintage-art-public-domain,rawpixel,"panel, silk, lined cotton, ikat",,cc0,1.0,bb01df24-8412-4892-b162-d97a037b1977,
,1,rejected,no-positive-keyword-match,https://images.rawpixel.com/editor_1024/cHJpdmF0ZS9sci9pbWFnZXMvd2Vic2l0ZS8yMDIyLTA4L2xyL21pYTEwMTY4Ni1pbWFnZS5qcGc.jpg,https://www.rawpixel.com/image/7656337/photo-image-flowers-vintage-art,rawpixel,"red, white pink large, bold",,cc0,1.0,d79cbd22-b37c-40bc-9cf9-edefd839d45c,
,1,rejected,not-a-valid-jpg-png,https://images.rawpixel.com/editor_1024/cHJpdmF0ZS9sci9pbWFnZXMvd2Vic2l0ZS8yMDIyLTEyL2xyL3NsYW01ODk5MS1pbWFnZS5qcGc.jpg,https://www.rawpixel.com/image/8883655/photo-image-art-public-domain-fabric,rawpixel,Bedding Cover (futonji) Design Geometric,,cc0,1.0,36acb31e-d6f4-435c-9e36-595ef7bdbf38,
,1,rejected,not-a-valid-jpg-png,https://images.rawpixel.com/editor_1024/cHJpdmF0ZS9sci9pbWFnZXMvd2Vic2l0ZS8yMDIyLTA4L2xyL21pYTEyMTg5LWltYWdlLmpwZw.jpg,https://www.rawpixel.com/image/7653231/photo-image-vintage-art-public-domain,rawpixel,red cotton plain weave; ikat,,cc0,1.0,7af8834d-e522-494a-8b1d-11bf2691de40,
,1,rejected,no-positive-keyword-match,https://images.rawpixel.com/editor_1024/cHJpdmF0ZS9zdGF0aWMvZmlsZXMvd2Vic2l0ZS8yMDIyLTA4L21pYTExNjI2LWltYWdlLmpwZw.jpg,https://www.rawpixel.com/image/7655932/image-vintage-art-public-domain,rawpixel,"panel, Uzbeck, silk cotton; warp",,cc0,1.0,03812631-701c-4754-8900-ef2f7611fe59,
,1,rejected,no-positive-keyword-match,https://images.rawpixel.com/editor_1024/cHJpdmF0ZS9sci9pbWFnZXMvd2Vic2l0ZS8yMDIyLTA4L2xyL21pYTk2MzU1LWltYWdlLmpwZw.jpg,https://www.rawpixel.com/image/7651649/photo-image-vintage-art-border,rawpixel,"Embroidered band, warp-twined (LM) edge;",,cc0,1.0,4a25df17-e8e7-465c-bae7-bc8d8b7fc36a,
,1,rejected,not-a-valid-jpg-png,https://images.rawpixel.com/editor_1024/cHJpdmF0ZS9sci9pbWFnZXMvd2Vic2l0ZS8yMDIyLTA4L2xyL21pYTEwNDc0Ni1pbWFnZS5qcGc.jpg,https://www.rawpixel.com/image/7653713/photo-image-vintage-art-public-domain,rawpixel,wide alternating ikat panels maroon,,cc0,1.0,95602c98-0950-4326-bc9a-09d115ecf595,
,1,rejected,not-a-valid-jpg-png,https://images.rawpixel.com/editor_1024/cHJpdmF0ZS9sci9pbWFnZXMvd2Vic2l0ZS8yMDIyLTA4L2xyL21pYTk2NDIyLWltYWdlLmpwZw.jpg,https://www.rawpixel.com/image/7651038/image-vintage-art-public-domain,rawpixel,"Braided-net fringe, ikat band top",,cc0,1.0,a698971d-3137-42e8-9c85-795eadcfc150,
,1,rejected,no-positive-keyword-match,https://images.rawpixel.com/editor_1024/cHJpdmF0ZS9sci9pbWFnZXMvd2Vic2l0ZS8yMDIyLTA4L2xyL21pYTk2Mzg2LWltYWdlLmpwZw.jpg,https://www.rawpixel.com/image/7655260/image-flower-vintage-art,rawpixel,Pieced fringe warp-twined (tablet) heading,,cc0,1.0,f37e5b2b-0af6-487b-af70-6abfded06c6c,
,1,rejected,not-a-valid-jpg-png,https://images.rawpixel.com/editor_1024/cHJpdmF0ZS9sci9pbWFnZXMvd2Vic2l0ZS8yMDIyLTA4L2xyL21pYTk3OTQ1LWltYWdlLmpwZw.jpg,https://www.rawpixel.com/image/7653572/image-vintage-art-public-domain,rawpixel,"weft ikat; purple green, yellow",,cc0,1.0,c0567bb7-3034-4f7b-9ccc-7afa26dc6f8a,
,1,rejected,no-positive-keyword-match,https://images.rawpixel.com/editor_1024/cHJpdmF0ZS9sci9pbWFnZXMvd2Vic2l0ZS8yMDIyLTEyL2FpYzE4NTYxNy1pbWFnZS5qcGc.jpg,https://www.rawpixel.com/image/9003633/portion-loom-length,rawpixel,Portion of a Loom Length,artinstitutechicago,cc0,1.0,ad6267d8-80cc-4ec1-bdcf-f471d8e6a39b,
,1,rejected,no-positive-keyword-match,https://images.rawpixel.com/editor_1024/cHJpdmF0ZS9sci9pbWFnZXMvd2Vic2l0ZS8yMDIyLTA4L2xyL21pYTEwMTAwNy1pbWFnZS5qcGc.jpg,https://www.rawpixel.com/image/7653798/photo-image-vintage-art-public-domain,rawpixel,"panel yellow, green, grey, red",,cc0,1.0,ad5a4f9c-afb1-4bb8-9312-46933eccea12,
,1,rejected,not-a-valid-jpg-png,https://images.rawpixel.com/editor_1024/cHJpdmF0ZS9sci9pbWFnZXMvd2Vic2l0ZS8yMDIyLTA4L2xyL21pYTEyMjA5LWltYWdlLmpwZw.jpg,https://www.rawpixel.com/image/7656333/photo-image-vintage-art-public-domain,rawpixel,"Ikat; long; gathers arms, flaring",,cc0,1.0,4f98ffc7-aac3-4f88-84c3-e93f2af0c379,
,1,rejected,not-a-valid-jpg-png,https://images.rawpixel.com/editor_1024/cHJpdmF0ZS9sci9pbWFnZXMvd2Vic2l0ZS8yMDIyLTA4L2xyL21pYTk3NzI5LWltYWdlLmpwZw.jpg,https://www.rawpixel.com/image/7651191/image-vintage-art-border,rawpixel,weft ikat; border print; navy,,cc0,1.0,dd608362-034e-4498-8616-39133fa3d54c,
,1,rejected,not-a-valid-jpg-png,https://images.rawpixel.com/editor_1024/cHJpdmF0ZS9sci9pbWFnZXMvd2Vic2l0ZS8yMDIyLTA4L2xyL21pYTEyMjIzLWltYWdlLmpwZw.jpg,https://www.rawpixel.com/image/7656173/photo-image-vintage-art-public-domain,rawpixel,"Strips silk ikat warp, red",,cc0,1.0,21b3b80e-4b8b-41fb-909d-a2ec67f10055,
,1,rejected,no-positive-keyword-match,https://images.rawpixel.com/editor_1024/cHJpdmF0ZS9sci9pbWFnZXMvd2Vic2l0ZS8yMDIyLTA4L2xyL21pYTEyODE0My1pbWFnZS5qcGc.jpg,https://www.rawpixel.com/image/7656409/photo-image-background-vintage-art,rawpixel,three lines three large red,,cc0,1.0,51d030cd-9c68-4daa-bcb1-56e0f88fa0e6,
,1,rejected,no-positive-keyword-match,https://images.rawpixel.com/editor_1024/cHJpdmF0ZS9zdGF0aWMvZmlsZXMvd2Vic2l0ZS8yMDIyLTExL3NtaXRoc25jaHNkbWM5MDE5ZjQ5NDM3NTIwMDAwMDEtaW1hZ2UuanBn.jpg,https://www.rawpixel.com/image/8848375/fragment,rawpixel,Fragment,,cc0,1.0,a2b6a9fb-75b3-4c1e-95d5-4626c85a4f8b,
,1,rejected,not-a-valid-jpg-png,https://images.rawpixel.com/editor_1024/cHJpdmF0ZS9sci9pbWFnZXMvd2Vic2l0ZS8yMDIyLTA4L2xyL21pYTExNjM1LWltYWdlLmpwZw.jpg,https://www.rawpixel.com/image/7655938/image-vintage-art-public-domain,rawpixel,"Two joined panels, silk, ikat",,cc0,1.0,306fca32-12f6-49e5-9ee6-3bc62512518d,
,1,rejected,no-positive-keyword-match,https://images.rawpixel.com/editor_1024/cHJpdmF0ZS9sci9pbWFnZXMvd2Vic2l0ZS8yMDIyLTA4L2xyL21pYTYzNzg1LWltYWdlLmpwZw.jpg,https://www.rawpixel.com/image/7654017/image-vintage-art-public-domain,rawpixel,Two panels sewn together; red,,cc0,1.0,83310d24-b988-44b8-80eb-cf1c640b5034,
,1,rejected,no-positive-keyword-match,https://images.rawpixel.com/editor_1024/cHJpdmF0ZS9sci9pbWFnZXMvd2Vic2l0ZS8yMDIyLTA4L2xyL21pYTkwNzcyLWltYWdlLmpwZw.jpg,https://www.rawpixel.com/image/7654342/image-vintage-art-public-domain,rawpixel,long skirt; one third one,,cc0,1.0,6a83d2f0-aa07-4161-a208-0b9b403801cf,
,1,rejected,not-a-valid-jpg-png,https://images.rawpixel.com/editor_1024/cHJpdmF0ZS9sci9pbWFnZXMvd2Vic2l0ZS8yMDIyLTA3L21pYTEzMTc2NS1pbWFnZS5qcGc.jpg,https://www.rawpixel.com/image/7477910/photo-image-fabric-pattern-black,rawpixel,"fragment brown/gold fabric green, white",,cc0,1.0,501527a7-cfdc-449d-99fa-a96b59fb8b41,
,1,rejected,no-positive-keyword-match,https://images.rawpixel.com/editor_1024/cHJpdmF0ZS9sci9pbWFnZXMvd2Vic2l0ZS8yMDIyLTA4L2xyL21pYTk2Mzk4LWltYWdlLmpwZw.jpg,https://www.rawpixel.com/image/7651771/image-vintage-art-public-domain,rawpixel,"Braided-net fringe, fringe warp-twined (tablet)",,cc0,1.0,eb112896-8a96-46d1-b406-fbd6ac4e8c51,
,1,rejected,no-positive-keyword-match,https://images.rawpixel.com/editor_1024/cHJpdmF0ZS9sci9pbWFnZXMvd2Vic2l0ZS8yMDIyLTA4L2xyL21pYTk2MzkxLWltYWdlLmpwZw.jpg,https://www.rawpixel.com/image/7651087/image-vintage-art-border,rawpixel,"Multiple fringes warp-twined heading, warp-twined",,cc0,1.0,497dbfb7-6d15-4509-8195-d1192ce39874,
,1,rejected,no-positive-keyword-match,https://images.rawpixel.com/editor_1024/cHJpdmF0ZS9sci9pbWFnZXMvd2Vic2l0ZS8yMDIyLTA4L2xyL21pYTk4ODQ4LWltYWdlLmpwZw.jpg,https://www.rawpixel.com/image/7656543/image-vintage-art-borders,rawpixel,four cotton panels sewn together,,cc0,1.0,8ee3fe09-c5b7-42c5-9a90-eab15c3d1cd8,
,1,rejected,no-positive-keyword-match,https://images.rawpixel.com/editor_1024/cHJpdmF0ZS9sci9pbWFnZXMvd2Vic2l0ZS8yMDIyLTEyL2FpYzE4NTYxOC1pbWFnZS5qcGc.jpg,https://www.rawpixel.com/image/9003290/length-velvet,rawpixel,Length of Velvet,artinstitutechicago,cc0,1.0,e0b038b3-b4cf-44dd-9346-69a53ddc8285,
,1,rejected,no-positive-keyword-match,https://images.rawpixel.com/editor_1024/cHJpdmF0ZS9sci9pbWFnZXMvd2Vic2l0ZS8yMDIyLTA4L2xyL21pYTExNjQ3LWltYWdlLmpwZw.jpg,https://www.rawpixel.com/image/7656939/photo-image-vintage-art-public-domain,rawpixel,"plain weave; red, white, yellow;",,cc0,1.0,85ea486c-8e56-4696-b308-b66e4764acf4,
,1,rejected,no-positive-keyword-match,https://images.rawpixel.com/editor_1024/cHJpdmF0ZS9sci9pbWFnZXMvd2Vic2l0ZS8yMDIyLTA4L2xyL21pYTk2MzU2LWltYWdlLmpwZw.jpg,https://www.rawpixel.com/image/7656222/image-vintage-art-public-domain,rawpixel,Warp-twined edge (LM) cross-stitch embroidery,,cc0,1.0,c02d2706-4307-4783-80f4-a92c54238356,
,1,rejected,no-positive-keyword-match,https://images.rawpixel.com/editor_1024/cHJpdmF0ZS9sci9pbWFnZXMvd2Vic2l0ZS8yMDIyLTA4L2xyL21pYTEwMTY4Ny1pbWFnZS5qcGc.jpg,https://www.rawpixel.com/image/7656341/photo-image-vintage-art-public-domain,rawpixel,"purple, pink, blue, white yellow",,cc0,1.0,6fbbefc0-6d67-4896-97c3-be55f2fe081a,
,1,rejected,not-a-valid-jpg-png,https://images.rawpixel.com/editor_1024/cHJpdmF0ZS9sci9pbWFnZXMvd2Vic2l0ZS8yMDIyLTA3L21pYTk2NDE4LWltYWdlLmpwZw.jpg,https://www.rawpixel.com/image/7457197/image-border-hand-face,rawpixel,"Embroidered band top, Pieced ikat",,cc0,1.0,c9cc8168-7fc8-4787-9aef-c2102e8cd0b4,
,1,rejected,not-a-valid-jpg-png,https://images.rawpixel.com/editor_1024/cHJpdmF0ZS9sci9pbWFnZXMvd2Vic2l0ZS8yMDIyLTA4L2xyL21pYTk2NDQ1LWltYWdlLmpwZw.jpg,https://www.rawpixel.com/image/7653867/image-face-vintage-art,rawpixel,Bag back: ikat print printed,,cc0,1.0,418dfcb0-6ae7-4da5-9916-623a488dff94,
,1,rejected,no-positive-keyword-match,https://images.rawpixel.com/editor_1024/cHJpdmF0ZS9zdGF0aWMvZmlsZXMvd2Vic2l0ZS8yMDIyLTA4L21pYTYwMTc4LWltYWdlLmpwZw.jpg,https://www.rawpixel.com/image/7654400/image-background-vintage-art,rawpixel,one panel; wine red background,,cc0,1.0,511c0d0e-f376-44f1-8e4e-a01e25ce1577,
,1,rejected,not-a-valid-jpg-png,https://images.rawpixel.com/editor_1024/cHJpdmF0ZS9sci9pbWFnZXMvd2Vic2l0ZS8yMDIyLTA4L2xyL21pYTk2NDAwLWltYWdlLmpwZw.jpg,https://www.rawpixel.com/image/7653710/image-vintage-art-border,rawpixel,"Crocheted fringe, cloth ikat bands",,cc0,1.0,0a8a52ae-a99a-4f84-8b47-2b82797f1e57,
,1,rejected,no-positive-keyword-match,https://images.rawpixel.com/editor_1024/cHJpdmF0ZS9sci9pbWFnZXMvd2Vic2l0ZS8yMDIyLTA4L2xyL21pYTYwMTg1LWltYWdlLmpwZw.jpg,https://www.rawpixel.com/image/7655982/photo-image-vintage-art-public-domain,rawpixel,skirt made 2 panels; dyed,,cc0,1.0,52254bcf-f08a-421c-9df3-0682fad55897,
,1,rejected,no-positive-keyword-match,https://images.rawpixel.com/editor_1024/cHJpdmF0ZS9zdGF0aWMvZmlsZXMvd2Vic2l0ZS8yMDIyLTA5L21ldDc3ODcxLWltYWdlLmpwZw.jpg,https://www.rawpixel.com/image/8129570/patolu-with-elephant-design,rawpixel,Patolu with Elephant Design,themet,cc0,1.0,16495b31-fe7f-404a-aff7-e5ce32aa5086,
,1,rejected,not-a-valid-jpg-png,https://images.rawpixel.com/editor_1024/cHJpdmF0ZS9sci9pbWFnZXMvd2Vic2l0ZS8yMDIyLTA4L2xyL21pYTk2NDI4LWltYWdlLmpwZw.jpg,https://www.rawpixel.com/image/7654697/image-vintage-art-public-domain,rawpixel,"Cloth band, Pieced ikat lining",,cc0,1.0,c60f7ca0-fd57-491d-b912-990b35830f53,
,1,rejected,no-positive-keyword-match,https://images.rawpixel.com/editor_1024/cHJpdmF0ZS9sci9pbWFnZXMvd2Vic2l0ZS8yMDIyLTA4L2xyL21pYTE0OTk4LWltYWdlLmpwZw.jpg,https://www.rawpixel.com/image/7657139/photo-image-rose-vintage-art,rawpixel,Panle rose red satin decoration,,cc0,1.0,ba53faeb-6eaf-4d95-b82c-98e0fbec4180,
,1,rejected,no-positive-keyword-match,https://images.rawpixel.com/editor_1024/cHJpdmF0ZS9sci9pbWFnZXMvd2Vic2l0ZS8yMDIzLTAzL2NsZTE5MTYtLTE0MTItaW1hZ2UuanBn.jpg,https://www.rawpixel.com/image/9628745/mans-surcoat-khalat,rawpixel,Man's surcoat (khalat),clevelandart,cc0,1.0,1696ec32-0b58-4a79-b50e-fd69b4b2762f,
,1,rejected,no-positive-keyword-match,https://images.rawpixel.com/editor_1024/cHJpdmF0ZS9sci9pbWFnZXMvd2Vic2l0ZS8yMDIzLTAyL2xhY21hMjI0NzQ2LWltYWdlLmpwZw.jpg,https://www.rawpixel.com/image/9318916/shoulder-cloth-kain-geringsing-wayang,rawpixel,Shoulder Cloth (Kain Geringsing Wayang),lacma,cc0,1.0,5a250ed7-93f4-4dd8-8098-6c67f2891a92,
,1,rejected,no-positive-keyword-match,https://images.rawpixel.com/editor_1024/cHJpdmF0ZS9sci9pbWFnZXMvd2Vic2l0ZS8yMDIzLTAzL2NsZTE5MjUtLTQ4MS1pbWFnZS5qcGc.jpg,https://www.rawpixel.com/image/9648822/fragment-silk,rawpixel,Fragment of Silk,clevelandart,cc0,1.0,89b88e21-20a4-43f7-8e17-d9cbc75a3101,
,1,rejected,not-a-valid-jpg-png,https://images.rawpixel.com/editor_1024/cHJpdmF0ZS9sci9pbWFnZXMvd2Vic2l0ZS8yMDIyLTA4L2xyL21pYTk4NzQxLWltYWdlLmpwZw.jpg,https://www.rawpixel.com/image/7652131/image-flowers-vintage-art,rawpixel,red ground yellow paisley shapes;,,cc0,1.0,a2f03b12-c17d-4366-8e06-9285312f4916,
,1,rejected,not-a-valid-jpg-png,https://images.rawpixel.com/editor_1024/cHJpdmF0ZS9sci9pbWFnZXMvd2Vic2l0ZS8yMDIyLTA4L2xyL21pYTk2NDQ3LWltYWdlLmpwZw.jpg,https://www.rawpixel.com/image/7656546/image-vintage-art-gold,rawpixel,"Fringe warp-twined heading (LM), ikat",,cc0,1.0,40aef769-443a-4547-8fe8-688f81cae935,
,1,rejected,no-positive-keyword-match,https://images.rawpixel.com/editor_1024/cHJpdmF0ZS9sci9pbWFnZXMvd2Vic2l0ZS8yMDIyLTA4L2xyL21pYTk2NDA0LWltYWdlLmpwZw.jpg,https://www.rawpixel.com/image/7651577/image-vintage-art-hand,rawpixel,"Braided-net fringe tassels, cloth band",,cc0,1.0,1f8ab46b-d699-411e-95cb-4cddc5306c0b,
,1,rejected,no-positive-keyword-match,https://images.rawpixel.com/editor_1024/cHJpdmF0ZS9sci9pbWFnZXMvd2Vic2l0ZS8yMDIyLTA4L2xyL21pYTM1MDgtaW1hZ2UuanBn.jpg,https://www.rawpixel.com/image/7656447/image-vintage-art-public-domain,rawpixel,"Mushru Cloth, Mughal Period, late",,cc0,1.0,1c7d83e9-a4cc-4d54-8517-47033b4e4662,
,1,rejected,not-a-valid-jpg-png,https://images.rawpixel.com/editor_1024/cHJpdmF0ZS9sci9pbWFnZXMvd2Vic2l0ZS8yMDIyLTA4L2xyL21pYTk2NDI5LWltYWdlLmpwZw.jpg,https://www.rawpixel.com/image/7651785/image-vintage-art-public-domain,rawpixel,"Handwoven band, Printed lining. Red",,cc0,1.0,f87a4059-ecd9-4d7c-98c0-00166d9cafa2,
,1,rejected,no-positive-keyword-match,https://images.rawpixel.com/editor_1024/cHJpdmF0ZS9sci9pbWFnZXMvd2Vic2l0ZS8yMDIyLTA4L2xyL21pYTQ2NjgtaW1hZ2UuanBn.jpg,https://www.rawpixel.com/image/7654369/photo-image-vintage-art-public-domain,rawpixel,two 4 selvage pieces sewn,,cc0,1.0,2d9b1a3f-d269-45a1-bf58-852d6e4876dc,
,1,rejected,not-a-valid-jpg-png,https://images.rawpixel.com/editor_1024/cHJpdmF0ZS9sci9pbWFnZXMvd2Vic2l0ZS8yMDIyLTA4L2xyL21pYTk2NDE5LWltYWdlLmpwZw.jpg,https://www.rawpixel.com/image/7651089/image-background-vintage-art,rawpixel,"Braided-net fringes, ikat band. Bag",,cc0,1.0,30dc0f32-f697-4a9e-88ce-bc08aaa8511a,
,1,rejected,no-positive-keyword-match,https://images.rawpixel.com/editor_1024/cHJpdmF0ZS9sci9pbWFnZXMvd2Vic2l0ZS8yMDIyLTEyL2FpYzE4NTYxNC1pbWFnZS5qcGc.jpg,https://www.rawpixel.com/image/9005360/wall-hanging,rawpixel,Wall Hanging,artinstitutechicago,cc0,1.0,dcb8d19f-0896-4f17-b458-82593b5f274f,
,1,rejected,not-a-valid-jpg-png,https://images.rawpixel.com/editor_1024/cHJpdmF0ZS9sci9pbWFnZXMvd2Vic2l0ZS8yMDIyLTA3L21pYTgyMjYyLWltYWdlLmpwZw.jpg,https://www.rawpixel.com/image/7483435/image-fabrics-pattern-black,rawpixel,"velvet exterior, ikat pattern maroon",,cc0,1.0,6311b42b-7feb-4618-af22-541e31e7ec4a,
,1,rejected,no-positive-keyword-match,https://images.rawpixel.com/editor_1024/cHJpdmF0ZS9sci9pbWFnZXMvd2Vic2l0ZS8yMDIyLTA4L2xyL21pYTk2MzY2LWltYWdlLmpwZw.jpg,https://www.rawpixel.com/image/7654337/image-frame-vintage-art,rawpixel,Mounted. Chain stitch. Large red,,cc0,1.0,663435a5-42cd-4807-9fdf-bad96779825b,
,1,rejected,not-a-valid-jpg-png,https://images.rawpixel.com/editor_1024/cHJpdmF0ZS9sci9pbWFnZXMvd2Vic2l0ZS8yMDIyLTA3L21pYTEwMzMzNi1pbWFnZS5qcGc.jpg,https://www.rawpixel.com/image/7474134/photo-image-fabric-pattern-art,rawpixel,maroon repeating paisley ikat pattern,,cc0,1.0,c52f5d9b-c238-48d7-95c5-bda5e5f3193c,
,1,rejected,not-a-valid-jpg-png,https://images.rawpixel.com/editor_1024/cHJpdmF0ZS9sci9pbWFnZXMvd2Vic2l0ZS8yMDIyLTA4L2xyL21pYTk2NDMyLWltYWdlLmpwZw.jpg,https://www.rawpixel.com/image/7652968/image-vintage-art-public-domain,rawpixel,"Braided-net fringe, Pieced ikat lining",,cc0,1.0,55ffc690-0e51-4961-8039-ca685e50a729,
,1,rejected,not-a-valid-jpg-png,https://images.rawpixel.com/editor_1024/cHJpdmF0ZS9sci9pbWFnZXMvd2Vic2l0ZS8yMDIyLTEwL21ldDQ0ODI5NS1pbWFnZS5qcGc.jpg,https://www.rawpixel.com/image/8332894/tiraz-fragment-from-ikat-shawl,rawpixel,Tiraz Fragment Ikat Shawl,themet,cc0,1.0,ec40e65d-d733-4c26-8ae4-d4686204029e,
,1,rejected,not-a-valid-jpg-png,https://images.rawpixel.com/editor_1024/cHJpdmF0ZS9zdGF0aWMvZmlsZXMvd2Vic2l0ZS8yMDIyLTEwL21ldDQ0MzYwNC1pbWFnZS5qcGc.jpg,https://www.rawpixel.com/image/8338415/ikat-textile-fragment,rawpixel,Ikat Textile Fragment,themet,cc0,1.0,e9962518-1c88-41ad-b45e-2751b984b7f9,
b1_0381_ikat-tiraz.jpg,1,rejected,file-missing-on-disk,https://openaccess-cdn.clevelandart.org/1950.524/1950.524_web.jpg,https://clevelandart.org/art/1950.524,clevelandmuseum,Ikat tiraz,,cc0,1.0,63f14405-a794-44a8-ad4a-7ee7179f30ce,
b1_0382_length-of-silk-velvet-ikat.jpg,1,accepted,,https://openaccess-cdn.clevelandart.org/2006.153/2006.153_web.jpg,https://clevelandart.org/art/2006.153,clevelandmuseum,Length of silk velvet ikat,,cc0,1.0,d7eb0b76-e472-4625-87ea-19f60b9100d0,
,1,rejected,no-positive-keyword-match,https://images.rawpixel.com/editor_1024/cHJpdmF0ZS9sci9pbWFnZXMvd2Vic2l0ZS8yMDIyLTA3L21pYTEwODU4OC1pbWFnZS5qcGc.jpg,https://www.rawpixel.com/image/7454084/photo-image-fabric-art-man,rawpixel,"man's garment, horizontal stripes overall-rust",,cc0,1.0,2a96109a-377b-489d-a069-cfa72498ad6a,
,1,rejected,download-error:HTTP Error 429: Too many requests - please contact noc@wikimedia.org to discuss a less disruptive approach or instead use thumbnail images in sizes listed on https://w.wiki/GHai. (0c640b1),https://upload.wikimedia.org/wikipedia/commons/6/68/Fabric_length_%28AM_842446-1%29.jpg,https://commons.wikimedia.org/w/index.php?curid=82897616,wikimedia,<div class='fn'> Fabric length</div>,,by,4.0,8984da25-ec11-40fa-9a65-5a975d0f6f7b,
,1,rejected,no-positive-keyword-match,https://upload.wikimedia.org/wikipedia/commons/f/f9/Ayollar_milliy_libosi_1.png,https://commons.wikimedia.org/w/index.php?curid=196348193,wikimedia,Ayollar milliy libosi 1,AIDEPCUL,by,4.0,e18ac000-7e24-4d78-a02d-22abbefa8a3e,
b1_0384_sake-cup-with-pattern-resembling-ikat-dy.jpg,1,accepted,,https://images.metmuseum.org/CRDImages/as/original/212727.jpg,https://www.metmuseum.org/art/collection/search/52314,met,Sake Cup with Pattern Resembling Ikat-Dyed Fabric (Kasuri),,cc0,1.0,f5b40149-d51f-49f2-9af3-de37efcd846f,
,1,rejected,no-positive-keyword-match,https://ids.si.edu/ids/deliveryService?id=CHSDM-B24BC39741772-000001,https://collection.cooperhewitt.org/view/objects/asitem/id/145225,smithsonian_cooper_hewitt_museum,Fragment,,cc0,1.0,1e1a12f5-d56c-47a6-af1b-e16a036b3ba2,
,1,rejected,no-positive-keyword-match,https://upload.wikimedia.org/wikipedia/commons/6/65/Ayollar_sahna_libosi_12.png?utm_source=commons.wikimedia.org&utm_campaign=imageinfo&utm_content=original,https://commons.wikimedia.org/w/index.php?curid=196555331,wikimedia,Ayollar sahna libosi 12,AIDEPCUL,by,4.0,73fa53d6-4a6a-41c0-912a-112ab5f91782,
,1,rejected,no-positive-keyword-match,https://ids.si.edu/ids/deliveryService?id=CHSDM-1931-4-64openMattFlynn,https://collection.cooperhewitt.org/view/objects/asitem/id/229749,smithsonian_cooper_hewitt_museum,Chapan (robe),,cc0,1.0,b46dd177-24f6-4c26-98b0-bb3b6abdab4f,
,1,rejected,no-positive-keyword-match,https://ids.si.edu/ids/deliveryService?id=CHSDM-CE526338676F2-000001,https://collection.cooperhewitt.org/view/objects/asitem/id/122642,smithsonian_cooper_hewitt_museum,Fragment,,cc0,1.0,9cb55ca2-7111-4a4e-b73b-cb165f7d9fae,
,1,rejected,no-positive-keyword-match,https://ids.si.edu/ids/deliveryService?id=CHSDM-1931-4-64frontMattFlynn,https://collection.cooperhewitt.org/view/objects/asitem/id/229749,smithsonian_cooper_hewitt_museum,Chapan (robe),,cc0,1.0,8a18bba3-c948-480c-8c03-815fc0042d56,
,1,rejected,no-positive-keyword-match,https://live.staticflickr.com/7053/6966580273_4d17ac366c_b.jpg,https://www.flickr.com/photos/72746018@N00/6966580273,flickr,Robe de dignitaire (musée du Quai Branly),dalbera,by,2.0,0697a3b5-c1a3-448b-9813-63952a7a1694,
,1,rejected,no-positive-keyword-match,https://live.staticflickr.com/8380/8468059792_4824b141ea_b.jpg,https://www.flickr.com/photos/75625814@N04/8468059792,flickr,Angelina's Delivery Service,Olga Kuba,by,2.0,f1fd8f54-627f-4c82-8616-ad2f5ac0ae2c,
,1,rejected,no-positive-keyword-match,https://live.staticflickr.com/8628/16333734340_a16ded5c68_b.jpg,https://www.flickr.com/photos/75625814@N04/16333734340,flickr,Butterfly of Love,Olga Kuba,by,2.0,92a798fc-f7a2-4027-a5a2-2000efb1d9a2,
,1,rejected,no-positive-keyword-match,https://live.staticflickr.com/8385/8605679813_f177516f96_b.jpg,https://www.flickr.com/photos/75625814@N04/8605679813,flickr,Hello Mummy,Olga Kuba,by,2.0,d7749aaa-afa1-4422-affc-093d6aa7a7d1,
b1_0385_orange-paisley.jpg,1,accepted,,https://live.staticflickr.com/4131/5011848454_18ce6e564f_b.jpg,https://www.flickr.com/photos/17557997@N02/5011848454,flickr,Orange Paisley,Calsidyrose,by,2.0,83684a35-a36b-4c03-a1b6-36846450a818,
,1,rejected,no-positive-keyword-match,https://live.staticflickr.com/2892/9093161435_3c030bb800_b.jpg,https://www.flickr.com/photos/75625814@N04/9093161435,flickr,Fancy Flowers,Olga Kuba,by,2.0,b604f4ed-6e6b-430b-84ec-f5afa540cb3e,
,1,rejected,blocklist:inicial,https://live.staticflickr.com/5333/9238698650_4b9a5e049b_b.jpg,https://www.flickr.com/photos/37667416@N04/9238698650,flickr,Inicial I.,Biblioteca Rector Machado y Nuñez,pdm,1.0,2e70fb4a-39a0-47d0-94c6-69c73e54fae4,
b1_0386_zentangle-6-3-12.jpg,1,accepted,,https://live.staticflickr.com/8001/7470563258_2059c3377e.jpg,https://www.flickr.com/photos/74646758@N04/7470563258,flickr,Zentangle 6-3-12,terry_lynn_12,by,2.0,8dd54321-ae54-4fcf-ab7d-8c4af6aeb245,
,1,rejected,no-positive-keyword-match,https://live.staticflickr.com/8116/8659712359_e2f1357aa8_b.jpg,https://www.flickr.com/photos/75625814@N04/8659712359,flickr,Masquerade,Olga Kuba,by,2.0,52e94911-1f72-4b0b-85ec-8061fd28b525,
b1_0387_washed-cotton-paisley.jpg,1,accepted,,https://live.staticflickr.com/3472/3404583608_6104494cf6_b.jpg,https://www.flickr.com/photos/30099605@N04/3404583608,flickr,Washed Cotton Paisley,BuyandCreate.com,by-sa,2.0,1650ae8b-0968-4248-94ac-6ebadb23ea51,
,1,rejected,no-positive-keyword-match,https://live.staticflickr.com/2625/3680728417_f3d7a6656f.jpg,https://www.flickr.com/photos/39524172@N04/3680728417,flickr,Miss Peaches Swimwear,airdye,by,2.0,0e2545d9-e1c4-4d36-8b33-67090e8b2cad,
,1,rejected,no-positive-keyword-match,https://live.staticflickr.com/3354/3345228387_b54db997d0_b.jpg,https://www.flickr.com/photos/40595948@N00/3345228387,flickr,Sacred Objects at Rest,A.Davey,by,2.0,ccab5557-54db-4ea9-94c8-bacb6b14c042,
b1_0388_amy-butler-love-fabric-flower-embellies.jpg,1,accepted,,https://live.staticflickr.com/4025/4572026997_7aba03c23c_b.jpg,https://www.flickr.com/photos/33334577@N06/4572026997,flickr,Amy Butler Love - Fabric flower embellies,GlitterandFrills,by,2.0,39c7bb7b-1cd1-44a7-98ba-ef328b532686,
,1,rejected,no-positive-keyword-match,https://live.staticflickr.com/3776/9238698966_8e5761911e_b.jpg,https://www.flickr.com/photos/37667416@N04/9238698966,flickr,'Letra S',Biblioteca Rector Machado y Nuñez,pdm,1.0,c70d3969-2c86-4243-aebd-f09fcac29f17,
,1,rejected,no-positive-keyword-match,https://live.staticflickr.com/3672/9235928715_9cfb99b29a_b.jpg,https://www.flickr.com/photos/37667416@N04/9235928715,flickr,'Letra E',Biblioteca Rector Machado y Nuñez,pdm,1.0,4982bd8b-f571-4c7f-9d86-fe4833ccfc12,
,1,rejected,no-positive-keyword-match,https://live.staticflickr.com/7401/9238700172_2f0104c33b_b.jpg,https://www.flickr.com/photos/37667416@N04/9238700172,flickr,'Letra Q',Biblioteca Rector Machado y Nuñez,pdm,1.0,062576d6-8301-4859-b3c5-c32eacc04017,
b1_0389_paisley.jpg,1,accepted,,https://live.staticflickr.com/7565/27957623440_35a136e2a8_b.jpg,https://www.flickr.com/photos/44093058@N06/27957623440,flickr,Paisley,blondinrikard,by,2.0,50744352-14f8-4c48-a33b-b85636073110,
,1,rejected,no-positive-keyword-match,https://live.staticflickr.com/7423/16511714735_97127fa58c_b.jpg,https://www.flickr.com/photos/75625814@N04/16511714735,flickr,Streak F(MQ)reak,Olga Kuba,by,2.0,a70b2ef2-c6ac-463a-9d16-762d29023cfe,
,1,rejected,no-positive-keyword-match,https://live.staticflickr.com/5284/5306648684_802b30a7ac_b.jpg,https://www.flickr.com/photos/61997808@N00/5306648684,flickr,CASHMERE THROW,RubyGoes,by,2.0,381ad41b-82fd-48a3-81bb-448362491fd7,
,1,rejected,no-positive-keyword-match,https://live.staticflickr.com/4622/40391781832_810fbf486f_b.jpg,https://www.flickr.com/photos/75625814@N04/40391781832,flickr,The Attraction,Olga Kuba,by,2.0,858dc0fc-8cd3-456f-aaa3-4806c2b84238,
,1,rejected,no-positive-keyword-match,https://live.staticflickr.com/8076/8272896882_ec7e7b7f54_b.jpg,https://www.flickr.com/photos/75625814@N04/8272896882,flickr,taste of year 2013,Olga Kuba,by,2.0,2299b712-f29e-44ab-80c7-d01b3c626afd,
b1_0390_b-w-paisley.jpg,1,accepted,,https://live.staticflickr.com/4111/5011847156_106a2d8359_b.jpg,https://www.flickr.com/photos/17557997@N02/5011847156,flickr,B&W Paisley,Calsidyrose,by,2.0,605df58a-44a3-4ff9-bba6-3cf31729e1b6,
,1,rejected,no-positive-keyword-match,https://live.staticflickr.com/3774/9238709140_57c5f898ec_b.jpg,https://www.flickr.com/photos/37667416@N04/9238709140,flickr,'Letra L',Biblioteca Rector Machado y Nuñez,pdm,1.0,0e4c5202-7525-4029-9305-803c9ffc3ffb,
,1,rejected,no-positive-keyword-match,https://live.staticflickr.com/1061/4593582687_1dede9e216_b.jpg,https://www.flickr.com/photos/33334577@N06/4593582687,flickr,Amy Butler Love Tea Towel,GlitterandFrills,by,2.0,9b7d41ec-0863-4e74-b822-ffdf4b6b1534,
,1,rejected,no-positive-keyword-match,https://live.staticflickr.com/7283/9266402531_95f64c3edf_b.jpg,https://www.flickr.com/photos/37667416@N04/9266402531,flickr,'Letra C',Biblioteca Rector Machado y Nuñez,pdm,1.0,46558529-7006-4166-8dea-0c6a69874c10,
,1,rejected,no-positive-keyword-match,https://live.staticflickr.com/6143/6026510862_429102d39a_b.jpg,https://www.flickr.com/photos/42298505@N02/6026510862,flickr,"Brentano - Rajah, Portfolio Collection Fall 2011",Brentano fabrics,pdm,1.0,185c8e76-189c-4c21-a799-77625a9dfbf6,
,1,rejected,no-positive-keyword-match,https://live.staticflickr.com/4409/36578103261_d266aa8564_b.jpg,https://www.flickr.com/photos/75625814@N04/36578103261,flickr,Toward the Dreams,Olga Kuba,by,2.0,645ee271-92ca-40e6-b73f-9c57d1b1d960,
,1,rejected,no-positive-keyword-match,https://live.staticflickr.com/8511/8436518919_00f8a56c69_b.jpg,https://www.flickr.com/photos/29882946@N07/8436518919,flickr,beast,t.mrsn,by,2.0,8916024c-e034-4981-b5af-bcbd18eab61d,
,1,rejected,no-positive-keyword-match,https://live.staticflickr.com/2034/2454808587_de62e9757b_b.jpg,https://www.flickr.com/photos/15923063@N00/2454808587,flickr,'Overkill',CarbonNYC [in SF!],by,2.0,003842b8-d0ca-40c4-8fc4-40030abc14ce,
,1,rejected,no-positive-keyword-match,https://live.staticflickr.com/5245/5266040270_e0aac0102b_b.jpg,https://www.flickr.com/photos/61997808@N00/5266040270,flickr,BANARASI SILK SHAWL,RubyGoes,by,2.0,838a6d8e-dda2-49d8-b5f2-6e699f1be647,
b1_0391_paisley.jpg,1,accepted,,https://live.staticflickr.com/4078/4735987325_86eec179de_b.jpg,https://www.flickr.com/photos/55497864@N00/4735987325,flickr,Paisley,Brett Jordan,by,2.0,82d69456-7851-4c46-8f18-7e6c71e5c249,
,1,rejected,no-positive-keyword-match,https://live.staticflickr.com/2790/4150305548_4a996bd1d4_b.jpg,https://www.flickr.com/photos/44849916@N07/4150305548,flickr,Turkish art,Alessandro Vasaturo,by,2.0,3314405c-ed4b-4294-8e98-677c6b4b2901,
b1_0392_paisley.jpg,1,accepted,,https://live.staticflickr.com/2545/3978373830_074444d782_b.jpg,https://www.flickr.com/photos/26224875@N02/3978373830,flickr,paisley,*nacnud*,by,2.0,f16fa31e-0767-4595-9ae6-1f8332ebc984,
b1_0393_rescue-quilt.jpg,1,accepted,,https://live.staticflickr.com/1549/24546726870_8e16b062cb_b.jpg,https://www.flickr.com/photos/88013032@N00/24546726870,flickr,'Rescue Quilt',brungrrl,by,2.0,09704205-fe24-4aaa-8d0c-4b946f5db32f,
b1_0394_scan-paisley3-copy.jpg,1,accepted,,https://live.staticflickr.com/8168/7369768180_42cb080ec8.jpg,https://www.flickr.com/photos/22753910@N05/7369768180,flickr,scan paisley3 (Copy),paisleyorguk,by,2.0,a66b89a5-04d2-4e74-a0ef-649053134b76,
,1,rejected,no-positive-keyword-match,https://live.staticflickr.com/4138/4930531185_6024f89588_b.jpg,https://www.flickr.com/photos/33334577@N06/4930531185,flickr,Amy Butler squishy 4,GlitterandFrills,by,2.0,bbda1f0b-5074-4e36-98b8-6ee3256717db,
,1,rejected,no-positive-keyword-match,https://live.staticflickr.com/4138/4930369019_95009322a5_b.jpg,https://www.flickr.com/photos/33334577@N06/4930369019,flickr,Amy Butler 'Love' Squishy,GlitterandFrills,by,2.0,79c1254c-6621-424c-aec8-3b16c1708ac4,
b1_0395_green-blue-paisley-bag-6.jpg,1,accepted,,https://live.staticflickr.com/3558/3570815607_c7cc1d795f.jpg,https://www.flickr.com/photos/31512796@N00/3570815607,flickr,Green / Blue Paisley Bag #6,cakersandco,by,2.0,26c18d70-d9ed-41b6-ad90-601f3b118cae,
,1,rejected,no-positive-keyword-match,https://live.staticflickr.com/8313/28982785303_0e4b72c18a_b.jpg,https://www.flickr.com/photos/75625814@N04/28982785303,flickr,Dancing Butterflies,Olga Kuba,by,2.0,1095afd0-b3e6-4458-bf14-be6fb5eff4ba,
,1,rejected,no-positive-keyword-match,https://live.staticflickr.com/3106/2643624484_3f9abaccfe_b.jpg,https://www.flickr.com/photos/20462444@N00/2643624484,flickr,lichen,cyanocorax,by-sa,2.0,ab28e1c1-c9dc-4159-9801-cba03c97dee2,
,1,rejected,no-positive-keyword-match,https://live.staticflickr.com/8543/8667606469_d034aeae4e_b.jpg,https://www.flickr.com/photos/30923343@N08/8667606469,flickr,Dias intensos,- rubendario -,by,2.0,f5bcccbd-2131-452e-be59-3a034e1e0f0a,
,1,rejected,blocklist:pillow,https://live.staticflickr.com/3709/8880761171_97b3ea6d10_b.jpg,https://www.flickr.com/photos/37996646802@N01/8880761171,flickr,Surrealistic Pillow,cogdogblog,by,2.0,3e9216bd-9bf3-410e-931c-fbef7e064964,
b1_0396_closeup-of-the-paisley.jpg,1,accepted,,https://live.staticflickr.com/1267/5190978706_d4895b3309.jpg,https://www.flickr.com/photos/58513000@N00/5190978706,flickr,Closeup of the paisley,khanele,by,2.0,8eefbd7b-d2b3-4239-892b-34cfa783fcba,
,1,rejected,no-positive-keyword-match,https://live.staticflickr.com/4136/4930612301_b40d635c17_b.jpg,https://www.flickr.com/photos/33334577@N06/4930612301,flickr,Amy Butler squishy,GlitterandFrills,by,2.0,f4677e05-0e4d-4652-b6df-87f3d6742f44,
,1,rejected,no-positive-keyword-match,https://live.staticflickr.com/65535/49716943571_b53440773e_b.jpg,https://www.flickr.com/photos/43739854@N04/49716943571,flickr,Aka Fold,Aubergine Hill,pdm,1.0,4fdad370-cacc-4492-a6c8-60e94fee2cab,
b1_0397_paisley-pink-no10-rectangle.jpg,1,accepted,,https://live.staticflickr.com/5662/21059011092_11a4b88441_b.jpg,https://www.flickr.com/photos/53499099@N00/21059011092,flickr,Paisley Pink No10 Rectangle,CharmaineZoe's Marvelous Melange,by,2.0,da865df3-bd31-4806-b80e-8e450a396933,
b1_0398_paisley-museum.jpg,1,accepted,,https://live.staticflickr.com/4018/4685145352_0a8b5c8cee_b.jpg,https://www.flickr.com/photos/22753910@N05/4685145352,flickr,Paisley Museum,paisleyorguk,by,2.0,537219f1-ffea-4b9a-b60d-e2745b5e71e8,
,1,rejected,no-positive-keyword-match,https://upload.wikimedia.org/wikipedia/commons/2/23/High_Style_The_Brooklyn_Museum_Costume_Collection_%2819326196796%29.jpg,https://commons.wikimedia.org/w/index.php?curid=47923487,wikimedia,High Style The Brooklyn Museum Costume Collection (19326196796),"Aka Hige from Blacksburg, VA, USA",by-sa,2.0,22dabd88-ab76-4470-afc2-69942d40723b,
,1,rejected,no-positive-keyword-match,https://upload.wikimedia.org/wikipedia/commons/5/5a/Iran%2C_Rasht%2C_19th_century_-_Prayer_Rug_-_1916.1297_-_Cleveland_Museum_of_Art.tif,https://commons.wikimedia.org/w/index.php?curid=78076691,wikimedia,"File:Iran, Rasht, 19th century - Prayer Rug - 1916.1297 - Cleveland Museum of Art.tif",,cc0,1.0,fcd9df39-5d8d-419b-84b3-90ab45f8d840,
b1_0399_paisley6-copy.jpg,1,accepted,,https://live.staticflickr.com/7234/7369753884_fa53171271_b.jpg,https://www.flickr.com/photos/22753910@N05/7369753884,flickr,paisley6 (Copy),paisleyorguk,by,2.0,425f9e9d-8b3f-4102-84ce-1c7617db768e,
,1,rejected,no-positive-keyword-match,https://live.staticflickr.com/3636/3571361851_653972e183_b.jpg,https://www.flickr.com/photos/33409576@N08/3571361851,flickr,relax_implode_00251,jonathanmccabe,by,2.0,41564169-6381-4cf6-9336-9acf77f946ff,
,1,rejected,no-positive-keyword-match,https://live.staticflickr.com/3581/3571340767_6c1bda359c_b.jpg,https://www.flickr.com/photos/33409576@N08/3571340767,flickr,relax_implode_00228,jonathanmccabe,by,2.0,7f35f81f-8bac-4cc6-b40f-d5a40f29b66d,
,1,rejected,no-positive-keyword-match,https://live.staticflickr.com/5145/5584490933_1f3eb8e921_b.jpg,https://www.flickr.com/photos/33409576@N08/5584490933,flickr,20110403k,jonathanmccabe,by,2.0,975149d4-40b4-4ec4-a1af-0c5210b0bc28,
,1,rejected,no-positive-keyword-match,https://live.staticflickr.com/3650/3614179167_1376831330.jpg,https://www.flickr.com/photos/39250138@N06/3614179167,flickr,Tribal Heriz Rug,Grillo Rugs,by,2.0,cb07c692-c150-43ab-a776-450b2d319b1c,
,1,rejected,no-positive-keyword-match,https://live.staticflickr.com/3402/3572151156_703eabaca8_b.jpg,https://www.flickr.com/photos/33409576@N08/3572151156,flickr,relax_implode_00234,jonathanmccabe,by,2.0,e72f9aa8-02c0-4c8e-966e-bc6ede8160f2,
,1,rejected,no-positive-keyword-match,https://live.staticflickr.com/3562/3572162942_6e76059429_b.jpg,https://www.flickr.com/photos/33409576@N08/3572162942,flickr,relax_implode_00247,jonathanmccabe,by,2.0,731e9988-2e68-44f7-ac3e-f1cbee8c94da,
,1,rejected,no-positive-keyword-match,https://live.staticflickr.com/3347/3588190810_69b1efc300_b.jpg,https://www.flickr.com/photos/33409576@N08/3588190810,flickr,ideal_sym_00069,jonathanmccabe,by,2.0,60ce4f2f-9fd9-42af-b936-37788ad04bc9,
b1_0400_paisley-carpet.jpg,1,accepted,,https://live.staticflickr.com/8017/7579048856_af241ba770_b.jpg,https://www.flickr.com/photos/83699771@N00/7579048856,flickr,Paisley Carpet,PunkToad,by,2.0,f41d4e1d-071f-4fb6-9bcc-744f678f78f4,
,1,rejected,no-positive-keyword-match,https://live.staticflickr.com/3345/3588187342_b60424798b_b.jpg,https://www.flickr.com/photos/33409576@N08/3588187342,flickr,ideal_sym_00066,jonathanmccabe,by,2.0,97043ab5-dc1c-4436-a58d-8607f6fa32c0,
,1,rejected,no-positive-keyword-match,https://live.staticflickr.com/3589/3602820345_b61643d5ba.jpg,https://www.flickr.com/photos/33409576@N08/3602820345,flickr,csym_00048,jonathanmccabe,by,2.0,fa51903d-5183-44e6-b613-e106e33978a6,
,1,rejected,no-positive-keyword-match,https://live.staticflickr.com/3114/2810117437_64ae3c0344_b.jpg,https://www.flickr.com/photos/14919774@N04/2810117437,flickr,,AbhijeetRane,by,2.0,f1ea2d65-bdbc-4ddf-9104-12d7d296f126,
,1,rejected,no-positive-keyword-match,https://live.staticflickr.com/3336/3571171827_fa6a53dd69_b.jpg,https://www.flickr.com/photos/33409576@N08/3571171827,flickr,relax_implode_00063,jonathanmccabe,by,2.0,fa910cdf-1c32-458b-a32f-3d5ca9df452e,
,1,rejected,no-positive-keyword-match,https://live.staticflickr.com/3327/3571979976_cf7ee455da_b.jpg,https://www.flickr.com/photos/33409576@N08/3571979976,flickr,relax_implode_00065,jonathanmccabe,by,2.0,eaa3695f-1fe5-430c-ad42-3f4283a20de2,
,1,rejected,no-positive-keyword-match,https://live.staticflickr.com/3253/3571344555_42c3506e8a_b.jpg,https://www.flickr.com/photos/33409576@N08/3571344555,flickr,relax_implode_00232,jonathanmccabe,by,2.0,d96685f9-949c-4dbf-a63e-08db8c19f1dd,
,1,rejected,no-positive-keyword-match,https://live.staticflickr.com/3619/3588183184_7106887b2b_b.jpg,https://www.flickr.com/photos/33409576@N08/3588183184,flickr,ideal_sym_00063,jonathanmccabe,by,2.0,16daa16e-f60f-46f2-9576-bab9e1dd1696,
,1,rejected,no-positive-keyword-match,https://live.staticflickr.com/3560/3572040594_d235d5fb08_b.jpg,https://www.flickr.com/photos/33409576@N08/3572040594,flickr,relax_implode_00130,jonathanmccabe,by,2.0,79ec3ca5-6671-4582-8ee5-9a25e979758f,
,1,rejected,no-positive-keyword-match,https://live.staticflickr.com/3642/3603620118_f72936db76.jpg,https://www.flickr.com/photos/33409576@N08/3603620118,flickr,csym_00011,jonathanmccabe,by,2.0,88149229-0449-4a55-8a92-9675842032c5,
b1_0401_nineteen-ornamental-letters-a-c-d-m-p-s-.jpg,1,accepted,,https://live.staticflickr.com/8597/16418974125_5fca7e4552.jpg,https://www.flickr.com/photos/50398299@N08/16418974125,flickr,"Nineteen Ornamental Letters (A, C, D, M, P, S) LACMA 53.31.2.8a-s (14 of 19)",Fæ,by,2.0,f3bf6759-fc4c-49e9-a263-55be60b8cfb9,
